cell_name,site_id,x_um,y_um,physical_cell_name,cell_type
$abc$2096$auto$blifparse.cc:396:parse_blif$2097,107629,5.460000038146973,674.1199951171875,T0Y61__R2_INV_0,sky130_fd_sc_hd__clkinv_2
$abc$2096$auto$blifparse.cc:396:parse_blif$2099,68821,5.460000038146973,434.760009765625,T0Y39__R2_INV_0,sky130_fd_sc_hd__clkinv_2
$abc$2096$auto$blifparse.cc:396:parse_blif$2100,86461,5.460000038146973,543.5599975585938,T0Y49__R2_INV_0,sky130_fd_sc_hd__clkinv_2
$abc$2096$auto$blifparse.cc:396:parse_blif$2101,1719,978.3599853515625,5.0,T35Y0__R0_INV_0,sky130_fd_sc_hd__clkinv_2
$abc$2096$auto$blifparse.cc:396:parse_blif$2102,25,5.460000038146973,10.4399995803833,T0Y0__R2_INV_0,sky130_fd_sc_hd__clkinv_2
$abc$2096$auto$blifparse.cc:396:parse_blif$2103,105865,5.460000038146973,663.239990234375,T0Y60__R2_INV_0,sky130_fd_sc_hd__clkinv_2
$abc$2096$auto$blifparse.cc:396:parse_blif$2104,221,115.86000061035156,10.4399995803833,T4Y0__R2_INV_0,sky130_fd_sc_hd__clkinv_2
$abc$2096$auto$blifparse.cc:396:parse_blif$2105,1376,785.1599731445312,5.0,T28Y0__R0_INV_0,sky130_fd_sc_hd__clkinv_2
$abc$2096$auto$blifparse.cc:396:parse_blif$2106,1397,778.260009765625,10.4399995803833,T28Y0__R2_INV_0,sky130_fd_sc_hd__clkinv_2
$abc$2096$auto$blifparse.cc:396:parse_blif$2107,1593,888.6599731445312,10.4399995803833,T32Y0__R2_INV_0,sky130_fd_sc_hd__clkinv_2
$abc$2096$auto$blifparse.cc:396:parse_blif$2108,1594,890.5,10.4399995803833,T32Y0__R2_INV_1,sky130_fd_sc_hd__clkinv_2
$abc$2096$auto$blifparse.cc:396:parse_blif$2159,844,495.3599853515625,5.0,T17Y0__R0_OR_1,sky130_fd_sc_hd__or2_2
$abc$2096$auto$blifparse.cc:396:parse_blif$2160,77650,21.559999465942383,489.1600036621094,T0Y44__R2_OR_1,sky130_fd_sc_hd__or2_2
$abc$2096$auto$blifparse.cc:396:parse_blif$2164,74107,14.65999984741211,464.67999267578125,T0Y42__R1_NAND_2,sky130_fd_sc_hd__nand2_2
$abc$2096$auto$blifparse.cc:396:parse_blif$2165,883,502.260009765625,5.0,T18Y0__R0_NAND_0,sky130_fd_sc_hd__nand2_2
$abc$2096$auto$blifparse.cc:396:parse_blif$2181,923,504.55999755859375,13.15999984741211,T18Y0__R3_NAND_1,sky130_fd_sc_hd__nand2_2
$abc$2096$auto$blifparse.cc:396:parse_blif$2191,1,5.460000038146973,5.0,T0Y0__R0_NAND_0,sky130_fd_sc_hd__nand2_2
$abc$2096$auto$blifparse.cc:396:parse_blif$2192,10,23.860000610351562,5.0,T0Y0__R0_OR_0,sky130_fd_sc_hd__or2_2
$abc$2096$auto$blifparse.cc:396:parse_blif$2202,845,497.6600036621094,5.0,T17Y0__R0_OR_2,sky130_fd_sc_hd__or2_2
$abc$2096$auto$blifparse.cc:396:parse_blif$2241,61773,19.260000228881836,391.239990234375,T0Y35__R2_OR_0,sky130_fd_sc_hd__or2_2
$abc$2096$auto$blifparse.cc:396:parse_blif$2242,61741,5.460000038146973,385.79998779296875,T0Y35__R0_NAND_0,sky130_fd_sc_hd__nand2_2
$abc$2096$auto$blifparse.cc:396:parse_blif$2282,8933,60.65999984741211,62.119998931884766,T2Y5__R1_NAND_0,sky130_fd_sc_hd__nand2_2
$abc$2096$auto$blifparse.cc:396:parse_blif$2291,8906,56.060001373291016,64.83999633789062,T1Y5__R2_OR_4,sky130_fd_sc_hd__or2_2
$abc$2096$auto$blifparse.cc:396:parse_blif$2326,39282,267.6600036621094,249.8000030517578,T9Y22__R2_OR_0,sky130_fd_sc_hd__or2_2
$abc$2096$auto$blifparse.cc:396:parse_blif$2327,18366,391.8599853515625,121.95999908447266,T14Y10__R3_NAND_0,sky130_fd_sc_hd__nand2_2
$abc$2096$auto$blifparse.cc:396:parse_blif$2365,20053,387.260009765625,124.68000030517578,T13Y11__R0_OR_2,sky130_fd_sc_hd__or2_2
$abc$2096$auto$blifparse.cc:396:parse_blif$2366,18341,391.8599853515625,116.5199966430664,T14Y10__R1_NAND_0,sky130_fd_sc_hd__nand2_2
$abc$2096$auto$blifparse.cc:396:parse_blif$2405,25464,433.260009765625,162.75999450683594,T15Y14__R2_OR_0,sky130_fd_sc_hd__or2_2
$abc$2096$auto$blifparse.cc:396:parse_blif$2406,27284,447.05999755859375,176.36000061035156,T16Y15__R3_NAND_0,sky130_fd_sc_hd__nand2_2
$abc$2096$auto$blifparse.cc:396:parse_blif$2437,27271,450.739990234375,173.63999938964844,T16Y15__R2_NAND_0,sky130_fd_sc_hd__nand2_2
$abc$2096$auto$blifparse.cc:396:parse_blif$2441,39625,460.8599853515625,249.8000030517578,T16Y22__R2_OR_0,sky130_fd_sc_hd__or2_2
$auto$hilomap.cc:40:hilomap_worker$2060,78496,488.4599914550781,491.8800048828125,T17Y44__R3_CONB_0,sky130_fd_sc_hd__conb_1
$auto$hilomap.cc:40:hilomap_worker$2547,78528,512.8400268554688,489.1600036621094,T18Y44__R2_CONB_0,sky130_fd_sc_hd__conb_1
$auto$hilomap.cc:48:hilomap_worker$2058,80235,488.4599914550781,497.32000732421875,T17Y45__R1_CONB_0,sky130_fd_sc_hd__conb_1
$abc$2096$auto$blifparse.cc:396:parse_blif$2161,79406,7.300000190734863,500.0400085449219,T0Y45__R2_INV_1,sky130_fd_sc_hd__clkinv_2
$abc$2096$auto$blifparse.cc:396:parse_blif$2162,79390,23.860000610351562,494.6000061035156,T0Y45__R0_OR_0,sky130_fd_sc_hd__or2_2
$abc$2096$auto$blifparse.cc:396:parse_blif$2166,907,502.260009765625,10.4399995803833,T18Y0__R2_INV_0,sky130_fd_sc_hd__clkinv_2
$abc$2096$auto$blifparse.cc:396:parse_blif$2167,61976,115.86000061035156,393.9599914550781,T4Y35__R3_NAND_0,sky130_fd_sc_hd__nand2_2
$abc$2096$auto$blifparse.cc:396:parse_blif$2171,59985,21.559999465942383,374.9200134277344,T0Y34__R0_NAND_4,sky130_fd_sc_hd__nand2_2
$abc$2096$auto$blifparse.cc:396:parse_blif$2173,65278,23.860000610351562,407.55999755859375,T0Y37__R0_OR_0,sky130_fd_sc_hd__or2_2
$abc$2096$auto$blifparse.cc:396:parse_blif$2178,77653,28.459999084472656,489.1600036621094,T0Y44__R2_OR_4,sky130_fd_sc_hd__or2_2
$abc$2096$auto$blifparse.cc:396:parse_blif$2184,884,504.55999755859375,5.0,T18Y0__R0_NAND_1,sky130_fd_sc_hd__nand2_2
$abc$2096$auto$blifparse.cc:396:parse_blif$2185,843,493.05999755859375,5.0,T17Y0__R0_OR_0,sky130_fd_sc_hd__or2_2
$abc$2096$auto$blifparse.cc:396:parse_blif$2187,74096,19.260000228881836,461.9599914550781,T0Y42__R0_NAND_3,sky130_fd_sc_hd__nand2_2
$abc$2096$auto$blifparse.cc:396:parse_blif$2193,19,14.65999984741211,7.71999979019165,T0Y0__R1_NAND_2,sky130_fd_sc_hd__nand2_2
$abc$2096$auto$blifparse.cc:396:parse_blif$2198,70594,21.559999465942383,445.6400146484375,T0Y40__R2_OR_1,sky130_fd_sc_hd__or2_2
$abc$2096$auto$blifparse.cc:396:parse_blif$2207,909,505.94000244140625,10.4399995803833,T18Y0__R2_NAND_0,sky130_fd_sc_hd__nand2_2
$abc$2096$auto$blifparse.cc:396:parse_blif$2218,79413,19.260000228881836,500.0400085449219,T0Y45__R2_OR_0,sky130_fd_sc_hd__or2_2
$abc$2096$auto$blifparse.cc:396:parse_blif$2224,61750,23.860000610351562,385.79998779296875,T0Y35__R0_OR_0,sky130_fd_sc_hd__or2_2
$abc$2096$auto$blifparse.cc:396:parse_blif$2225,52922,7.760000228881836,331.3999938964844,T0Y30__R0_NAND_1,sky130_fd_sc_hd__nand2_2
$abc$2096$auto$blifparse.cc:396:parse_blif$2246,61742,7.760000228881836,385.79998779296875,T0Y35__R0_NAND_1,sky130_fd_sc_hd__nand2_2
$abc$2096$auto$blifparse.cc:396:parse_blif$2247,52930,23.860000610351562,331.3999938964844,T0Y30__R0_OR_0,sky130_fd_sc_hd__or2_2
$abc$2096$auto$blifparse.cc:396:parse_blif$2250,52939,14.65999984741211,334.1199951171875,T0Y30__R1_NAND_2,sky130_fd_sc_hd__nand2_2
$abc$2096$auto$blifparse.cc:396:parse_blif$2251,52953,19.260000228881836,336.8399963378906,T0Y30__R2_OR_0,sky130_fd_sc_hd__or2_2
$abc$2096$auto$blifparse.cc:396:parse_blif$2263,8881,56.060001373291016,59.400001525878906,T1Y5__R0_OR_2,sky130_fd_sc_hd__or2_2
$abc$2096$auto$blifparse.cc:396:parse_blif$2264,7194,60.65999984741211,56.68000030517578,T2Y4__R3_NAND_0,sky130_fd_sc_hd__nand2_2
$abc$2096$auto$blifparse.cc:396:parse_blif$2301,16550,387.260009765625,108.36000061035156,T13Y9__R2_OR_4,sky130_fd_sc_hd__or2_2
$abc$2096$auto$blifparse.cc:396:parse_blif$2302,16602,391.8599853515625,111.08000183105469,T14Y9__R3_NAND_0,sky130_fd_sc_hd__nand2_2
$abc$2096$auto$blifparse.cc:396:parse_blif$2341,18289,387.260009765625,113.80000305175781,T13Y10__R0_OR_2,sky130_fd_sc_hd__or2_2
$abc$2096$auto$blifparse.cc:396:parse_blif$2342,18328,394.1600036621094,113.80000305175781,T14Y10__R0_NAND_1,sky130_fd_sc_hd__nand2_2
$abc$2096$auto$blifparse.cc:396:parse_blif$2380,25466,437.8599853515625,162.75999450683594,T15Y14__R2_OR_2,sky130_fd_sc_hd__or2_2
$abc$2096$auto$blifparse.cc:396:parse_blif$2382,25520,447.05999755859375,165.47999572753906,T16Y14__R3_NAND_0,sky130_fd_sc_hd__nand2_2
$abc$2096$auto$blifparse.cc:396:parse_blif$2421,27260,449.3599853515625,170.9199981689453,T16Y15__R1_NAND_1,sky130_fd_sc_hd__nand2_2
$abc$2096$auto$blifparse.cc:396:parse_blif$2422,27232,442.4599914550781,173.63999938964844,T15Y15__R2_OR_4,sky130_fd_sc_hd__or2_2
$abc$2096$auto$blifparse.cc:396:parse_blif$2438,27269,447.05999755859375,173.63999938964844,T16Y15__R2_INV_0,sky130_fd_sc_hd__clkinv_2
$auto$insbuf.cc:97:execute$2486,39205,235.0,244.36000061035156,T8Y22__R0_BUF_0,sky130_fd_sc_hd__clkbuf_4
$auto$insbuf.cc:97:execute$2487,37454,232.6999969482422,236.1999969482422,T8Y21__R1_BUF_0,sky130_fd_sc_hd__clkbuf_4
$auto$insbuf.cc:97:execute$2488,39218,232.6999969482422,247.0800018310547,T8Y22__R1_BUF_0,sky130_fd_sc_hd__clkbuf_4
$auto$insbuf.cc:97:execute$2489,40969,235.0,255.24000549316406,T8Y23__R0_BUF_0,sky130_fd_sc_hd__clkbuf_4
$auto$insbuf.cc:97:execute$2490,41008,235.4600067138672,263.3999938964844,T8Y23__R3_BUF_0,sky130_fd_sc_hd__clkbuf_4
$auto$insbuf.cc:97:execute$2491,40982,232.6999969482422,257.9599914550781,T8Y23__R1_BUF_0,sky130_fd_sc_hd__clkbuf_4
$auto$insbuf.cc:97:execute$2492,42746,232.6999969482422,268.8399963378906,T8Y24__R1_BUF_0,sky130_fd_sc_hd__clkbuf_4
$auto$insbuf.cc:97:execute$2493,42733,235.0,266.1199951171875,T8Y24__R0_BUF_0,sky130_fd_sc_hd__clkbuf_4
$auto$insbuf.cc:97:execute$2494,39244,235.4600067138672,252.52000427246094,T8Y22__R3_BUF_0,sky130_fd_sc_hd__clkbuf_4
$auto$insbuf.cc:97:execute$2495,35716,235.4600067138672,230.75999450683594,T8Y20__R3_BUF_0,sky130_fd_sc_hd__clkbuf_4
$auto$insbuf.cc:97:execute$2496,37480,235.4600067138672,241.63999938964844,T8Y21__R3_BUF_0,sky130_fd_sc_hd__clkbuf_4
$auto$insbuf.cc:97:execute$2497,37441,235.0,233.47999572753906,T8Y21__R0_BUF_0,sky130_fd_sc_hd__clkbuf_4
$auto$insbuf.cc:97:execute$2498,37490,262.6000061035156,233.47999572753906,T9Y21__R0_BUF_0,sky130_fd_sc_hd__clkbuf_4
$auto$insbuf.cc:97:execute$2499,34416,508.70001220703125,214.44000244140625,T18Y19__R1_BUF_0,sky130_fd_sc_hd__clkbuf_4
$auto$insbuf.cc:97:execute$2500,34465,536.2999877929688,214.44000244140625,T19Y19__R1_BUF_0,sky130_fd_sc_hd__clkbuf_4
$auto$insbuf.cc:97:execute$2501,36229,536.2999877929688,225.32000732421875,T19Y20__R1_BUF_0,sky130_fd_sc_hd__clkbuf_4
$auto$insbuf.cc:97:execute$2502,37980,538.5999755859375,233.47999572753906,T19Y21__R0_BUF_0,sky130_fd_sc_hd__clkbuf_4
$auto$insbuf.cc:97:execute$2503,36255,539.0599975585938,230.75999450683594,T19Y20__R3_BUF_0,sky130_fd_sc_hd__clkbuf_4
$auto$insbuf.cc:97:execute$2504,36216,538.5999755859375,222.60000610351562,T19Y20__R0_BUF_0,sky130_fd_sc_hd__clkbuf_4
$auto$insbuf.cc:97:execute$2505,34491,539.0599975585938,219.8800048828125,T19Y19__R3_BUF_0,sky130_fd_sc_hd__clkbuf_4
$auto$insbuf.cc:97:execute$2506,39806,563.9000244140625,247.0800018310547,T20Y22__R1_BUF_0,sky130_fd_sc_hd__clkbuf_4
$auto$insbuf.cc:97:execute$2507,45036,538.5999755859375,277.0,T19Y25__R0_BUF_0,sky130_fd_sc_hd__clkbuf_4
$auto$insbuf.cc:97:execute$2508,43285,536.2999877929688,268.8399963378906,T19Y24__R1_BUF_0,sky130_fd_sc_hd__clkbuf_4
$auto$insbuf.cc:97:execute$2509,80306,511.4599914550781,502.760009765625,T18Y45__R3_BUF_0,sky130_fd_sc_hd__clkbuf_4
$auto$insbuf.cc:97:execute$2510,43311,539.0599975585938,274.2799987792969,T19Y24__R3_BUF_0,sky130_fd_sc_hd__clkbuf_4
$auto$insbuf.cc:97:execute$2511,41547,539.0599975585938,263.3999938964844,T19Y23__R3_BUF_0,sky130_fd_sc_hd__clkbuf_4
$auto$insbuf.cc:97:execute$2512,41508,538.5999755859375,255.24000549316406,T19Y23__R0_BUF_0,sky130_fd_sc_hd__clkbuf_4
$auto$insbuf.cc:97:execute$2513,45049,536.2999877929688,279.7200012207031,T19Y25__R1_BUF_0,sky130_fd_sc_hd__clkbuf_4
$auto$insbuf.cc:97:execute$2514,41031,260.29998779296875,257.9599914550781,T9Y23__R1_BUF_0,sky130_fd_sc_hd__clkbuf_4
$auto$insbuf.cc:97:execute$2515,82031,511.0,505.4800109863281,T18Y46__R0_BUF_0,sky130_fd_sc_hd__clkbuf_4
$auto$insbuf.cc:97:execute$2516,41018,262.6000061035156,255.24000549316406,T9Y23__R0_BUF_0,sky130_fd_sc_hd__clkbuf_4
$auto$insbuf.cc:97:execute$2517,41057,263.05999755859375,263.3999938964844,T9Y23__R3_BUF_0,sky130_fd_sc_hd__clkbuf_4
$auto$insbuf.cc:97:execute$2518,80280,508.70001220703125,497.32000732421875,T18Y45__R1_BUF_0,sky130_fd_sc_hd__clkbuf_4
$auto$insbuf.cc:97:execute$2519,80267,511.0,494.6000061035156,T18Y45__R0_BUF_0,sky130_fd_sc_hd__clkbuf_4
$auto$insbuf.cc:97:execute$2520,78516,508.70001220703125,486.44000244140625,T18Y44__R1_BUF_0,sky130_fd_sc_hd__clkbuf_4
$auto$insbuf.cc:97:execute$2521,78503,511.0,483.7200012207031,T18Y44__R0_BUF_0,sky130_fd_sc_hd__clkbuf_4
$auto$insbuf.cc:97:execute$2522,43272,538.5999755859375,266.1199951171875,T19Y24__R0_BUF_0,sky130_fd_sc_hd__clkbuf_4
$auto$insbuf.cc:97:execute$2523,78542,511.4599914550781,491.8800048828125,T18Y44__R3_BUF_0,sky130_fd_sc_hd__clkbuf_4
$auto$insbuf.cc:97:execute$2524,34442,511.4599914550781,219.8800048828125,T18Y19__R3_BUF_0,sky130_fd_sc_hd__clkbuf_4
$auto$insbuf.cc:97:execute$2525,43236,508.70001220703125,268.8399963378906,T18Y24__R1_BUF_0,sky130_fd_sc_hd__clkbuf_4
$auto$insbuf.cc:97:execute$2526,39744,538.5999755859375,244.36000061035156,T19Y22__R0_BUF_0,sky130_fd_sc_hd__clkbuf_4
$auto$insbuf.cc:97:execute$2527,37970,511.4599914550781,241.63999938964844,T18Y21__R3_BUF_0,sky130_fd_sc_hd__clkbuf_4
$auto$insbuf.cc:97:execute$2528,44987,511.0,277.0,T18Y25__R0_BUF_0,sky130_fd_sc_hd__clkbuf_4
$auto$insbuf.cc:97:execute$2529,39708,508.70001220703125,247.0800018310547,T18Y22__R1_BUF_0,sky130_fd_sc_hd__clkbuf_4
$auto$insbuf.cc:97:execute$2530,36180,508.70001220703125,225.32000732421875,T18Y20__R1_BUF_0,sky130_fd_sc_hd__clkbuf_4
$auto$insbuf.cc:97:execute$2531,37931,511.0,233.47999572753906,T18Y21__R0_BUF_0,sky130_fd_sc_hd__clkbuf_4
$auto$insbuf.cc:97:execute$2532,41459,511.0,255.24000549316406,T18Y23__R0_BUF_0,sky130_fd_sc_hd__clkbuf_4
$auto$insbuf.cc:97:execute$2533,36167,511.0,222.60000610351562,T18Y20__R0_BUF_0,sky130_fd_sc_hd__clkbuf_4
$auto$insbuf.cc:97:execute$2534,41521,536.2999877929688,257.9599914550781,T19Y23__R1_BUF_0,sky130_fd_sc_hd__clkbuf_4
$auto$insbuf.cc:97:execute$2535,38019,539.0599975585938,241.63999938964844,T19Y21__R3_BUF_0,sky130_fd_sc_hd__clkbuf_4
$auto$insbuf.cc:97:execute$2536,39267,260.29998779296875,247.0800018310547,T9Y22__R1_BUF_0,sky130_fd_sc_hd__clkbuf_4
$auto$insbuf.cc:97:execute$2537,37993,536.2999877929688,236.1999969482422,T19Y21__R1_BUF_0,sky130_fd_sc_hd__clkbuf_4
$auto$insbuf.cc:97:execute$2538,37944,508.70001220703125,236.1999969482422,T18Y21__R1_BUF_0,sky130_fd_sc_hd__clkbuf_4
$auto$insbuf.cc:97:execute$2539,45000,508.70001220703125,279.7200012207031,T18Y25__R1_BUF_0,sky130_fd_sc_hd__clkbuf_4
$auto$insbuf.cc:97:execute$2540,39757,536.2999877929688,247.0800018310547,T19Y22__R1_BUF_0,sky130_fd_sc_hd__clkbuf_4
$auto$insbuf.cc:97:execute$2541,36206,511.4599914550781,230.75999450683594,T18Y20__R3_BUF_0,sky130_fd_sc_hd__clkbuf_4
$auto$insbuf.cc:97:execute$2542,39783,539.0599975585938,252.52000427246094,T19Y22__R3_BUF_0,sky130_fd_sc_hd__clkbuf_4
$auto$insbuf.cc:97:execute$2543,37529,263.05999755859375,241.63999938964844,T9Y21__R3_BUF_0,sky130_fd_sc_hd__clkbuf_4
$auto$insbuf.cc:97:execute$2544,39734,511.4599914550781,252.52000427246094,T18Y22__R3_BUF_0,sky130_fd_sc_hd__clkbuf_4
$auto$insbuf.cc:97:execute$2545,39695,511.0,244.36000061035156,T18Y22__R0_BUF_0,sky130_fd_sc_hd__clkbuf_4
$abc$2096$auto$blifparse.cc:396:parse_blif$2163,77620,12.359999656677246,483.7200012207031,T0Y44__R0_INV_0,sky130_fd_sc_hd__clkinv_2
$abc$2096$auto$blifparse.cc:396:parse_blif$2168,61969,129.66000366210938,391.239990234375,T4Y35__R2_OR_0,sky130_fd_sc_hd__or2_2
$abc$2096$auto$blifparse.cc:396:parse_blif$2172,56481,19.260000228881836,358.6000061035156,T0Y32__R2_OR_0,sky130_fd_sc_hd__or2_2
$abc$2096$auto$blifparse.cc:396:parse_blif$2174,44357,166.4600067138672,277.0,T5Y25__R0_OR_2,sky130_fd_sc_hd__or2_2
$abc$2096$auto$blifparse.cc:396:parse_blif$2179,79397,10.0600004196167,497.32000732421875,T0Y45__R1_INV_0,sky130_fd_sc_hd__clkinv_2
$abc$2096$auto$blifparse.cc:396:parse_blif$2180,38842,21.559999465942383,249.8000030517578,T0Y22__R2_OR_1,sky130_fd_sc_hd__or2_2
$abc$2096$auto$blifparse.cc:396:parse_blif$2182,33820,189.4600067138672,211.72000122070312,T6Y19__R0_OR_0,sky130_fd_sc_hd__or2_2
$abc$2096$auto$blifparse.cc:396:parse_blif$2186,842,490.760009765625,5.0,T17Y0__R0_NAND_4,sky130_fd_sc_hd__nand2_2
$abc$2096$auto$blifparse.cc:396:parse_blif$2188,77649,19.260000228881836,489.1600036621094,T0Y44__R2_OR_0,sky130_fd_sc_hd__or2_2
$abc$2096$auto$blifparse.cc:396:parse_blif$2194,77651,23.860000610351562,489.1600036621094,T0Y44__R2_OR_2,sky130_fd_sc_hd__or2_2
$abc$2096$auto$blifparse.cc:396:parse_blif$2199,77652,26.15999984741211,489.1600036621094,T0Y44__R2_OR_3,sky130_fd_sc_hd__or2_2
$abc$2096$auto$blifparse.cc:396:parse_blif$2208,908,504.1000061035156,10.4399995803833,T18Y0__R2_INV_1,sky130_fd_sc_hd__clkinv_2
$abc$2096$auto$blifparse.cc:396:parse_blif$2210,79391,26.15999984741211,494.6000061035156,T0Y45__R0_OR_1,sky130_fd_sc_hd__or2_2
$abc$2096$auto$blifparse.cc:396:parse_blif$2219,79384,12.359999656677246,494.6000061035156,T0Y45__R0_INV_0,sky130_fd_sc_hd__clkinv_2
$abc$2096$auto$blifparse.cc:396:parse_blif$2226,52928,19.260000228881836,331.3999938964844,T0Y30__R0_NAND_3,sky130_fd_sc_hd__nand2_2
$abc$2096$auto$blifparse.cc:396:parse_blif$2248,61759,14.65999984741211,388.5199890136719,T0Y35__R1_NAND_2,sky130_fd_sc_hd__nand2_2
$abc$2096$auto$blifparse.cc:396:parse_blif$2252,52923,10.0600004196167,331.3999938964844,T0Y30__R0_NAND_2,sky130_fd_sc_hd__nand2_2
$abc$2096$auto$blifparse.cc:396:parse_blif$2254,91761,19.260000228881836,576.2000122070312,T0Y52__R2_OR_0,sky130_fd_sc_hd__or2_2
$abc$2096$auto$blifparse.cc:396:parse_blif$2255,70570,23.860000610351562,440.20001220703125,T0Y40__R0_OR_0,sky130_fd_sc_hd__or2_2
$abc$2096$auto$blifparse.cc:396:parse_blif$2265,8934,62.959999084472656,62.119998931884766,T2Y5__R1_NAND_1,sky130_fd_sc_hd__nand2_2
$abc$2096$auto$blifparse.cc:396:parse_blif$2277,26559,60.65999984741211,168.1999969482422,T2Y15__R0_NAND_0,sky130_fd_sc_hd__nand2_2
$abc$2096$auto$blifparse.cc:396:parse_blif$2278,26521,56.060001373291016,168.1999969482422,T1Y15__R0_OR_2,sky130_fd_sc_hd__or2_2
$abc$2096$auto$blifparse.cc:396:parse_blif$2281,38916,79.05999755859375,244.36000061035156,T2Y22__R0_OR_0,sky130_fd_sc_hd__or2_2
$abc$2096$auto$blifparse.cc:396:parse_blif$2283,42418,46.86000061035156,271.55999755859375,T1Y24__R2_OR_0,sky130_fd_sc_hd__or2_2
$abc$2096$auto$blifparse.cc:396:parse_blif$2287,26587,68.94000244140625,173.63999938964844,T2Y15__R2_NAND_2,sky130_fd_sc_hd__nand2_2
$abc$2096$auto$blifparse.cc:396:parse_blif$2288,26591,74.45999908447266,173.63999938964844,T2Y15__R2_OR_0,sky130_fd_sc_hd__or2_2
$abc$2096$auto$blifparse.cc:396:parse_blif$2303,18327,391.8599853515625,113.80000305175781,T14Y10__R0_NAND_0,sky130_fd_sc_hd__nand2_2
$abc$2096$auto$blifparse.cc:396:parse_blif$2331,39284,272.260009765625,249.8000030517578,T9Y22__R2_OR_2,sky130_fd_sc_hd__or2_2
$abc$2096$auto$blifparse.cc:396:parse_blif$2332,42860,297.55999755859375,271.55999755859375,T10Y24__R2_OR_1,sky130_fd_sc_hd__or2_2
$abc$2096$auto$blifparse.cc:396:parse_blif$2343,18342,394.1600036621094,116.5199966430664,T14Y10__R1_NAND_1,sky130_fd_sc_hd__nand2_2
$abc$2096$auto$blifparse.cc:396:parse_blif$2370,39504,410.260009765625,244.36000061035156,T14Y22__R0_OR_0,sky130_fd_sc_hd__or2_2
$abc$2096$auto$blifparse.cc:396:parse_blif$2372,46219,221.66000366210938,287.8800048828125,T7Y26__R0_OR_2,sky130_fd_sc_hd__or2_2
$abc$2096$auto$blifparse.cc:396:parse_blif$2381,27248,453.9599914550781,168.1999969482422,T16Y15__R0_INV_0,sky130_fd_sc_hd__clkinv_2
$abc$2096$auto$blifparse.cc:396:parse_blif$2383,27245,447.05999755859375,168.1999969482422,T16Y15__R0_NAND_0,sky130_fd_sc_hd__nand2_2
$abc$2096$auto$blifparse.cc:396:parse_blif$2410,37546,304.4599914550781,233.47999572753906,T10Y21__R0_OR_2,sky130_fd_sc_hd__or2_2
$abc$2096$auto$blifparse.cc:396:parse_blif$2411,27231,440.1600036621094,173.63999938964844,T15Y15__R2_OR_3,sky130_fd_sc_hd__or2_2
$abc$2096$auto$blifparse.cc:396:parse_blif$2423,27259,447.05999755859375,170.9199981689453,T16Y15__R1_NAND_0,sky130_fd_sc_hd__nand2_2
$abc$2096$auto$blifparse.cc:396:parse_blif$2439,44502,244.66000366210938,277.0,T8Y25__R0_OR_0,sky130_fd_sc_hd__or2_2
$abc$2096$auto$blifparse.cc:396:parse_blif$2169,61977,118.16000366210938,393.9599914550781,T4Y35__R3_NAND_1,sky130_fd_sc_hd__nand2_2
$abc$2096$auto$blifparse.cc:396:parse_blif$2175,46124,143.4600067138672,290.6000061035156,T5Y26__R1_NAND_0,sky130_fd_sc_hd__nand2_2
$abc$2096$auto$blifparse.cc:396:parse_blif$2183,39068,143.4600067138672,247.0800018310547,T5Y22__R1_NAND_0,sky130_fd_sc_hd__nand2_2
$abc$2096$auto$blifparse.cc:396:parse_blif$2189,77641,5.460000038146973,489.1600036621094,T0Y44__R2_INV_0,sky130_fd_sc_hd__clkinv_2
$abc$2096$auto$blifparse.cc:396:parse_blif$2195,70564,12.359999656677246,440.20001220703125,T0Y40__R0_INV_0,sky130_fd_sc_hd__clkinv_2
$abc$2096$auto$blifparse.cc:396:parse_blif$2200,77642,7.300000190734863,489.1600036621094,T0Y44__R2_INV_1,sky130_fd_sc_hd__clkinv_2
$abc$2096$auto$blifparse.cc:396:parse_blif$2201,38841,19.260000228881836,249.8000030517578,T0Y22__R2_OR_0,sky130_fd_sc_hd__or2_2
$abc$2096$auto$blifparse.cc:396:parse_blif$2203,51563,226.25999450683594,323.239990234375,T8Y29__R1_NAND_0,sky130_fd_sc_hd__nand2_2
$abc$2096$auto$blifparse.cc:396:parse_blif$2209,898,504.55999755859375,7.71999979019165,T18Y0__R1_NAND_1,sky130_fd_sc_hd__nand2_2
$abc$2096$auto$blifparse.cc:396:parse_blif$2211,77633,10.0600004196167,486.44000244140625,T0Y44__R1_INV_0,sky130_fd_sc_hd__clkinv_2
$abc$2096$auto$blifparse.cc:396:parse_blif$2212,870,497.6600036621094,10.4399995803833,T17Y0__R2_OR_4,sky130_fd_sc_hd__or2_2
$abc$2096$auto$blifparse.cc:396:parse_blif$2215,869,495.3599853515625,10.4399995803833,T17Y0__R2_OR_3,sky130_fd_sc_hd__or2_2
$abc$2096$auto$blifparse.cc:396:parse_blif$2216,922,502.260009765625,13.15999984741211,T18Y0__R3_NAND_0,sky130_fd_sc_hd__nand2_2
$abc$2096$auto$blifparse.cc:396:parse_blif$2227,30454,253.86000061035156,195.39999389648438,T9Y17__R2_INV_0,sky130_fd_sc_hd__clkinv_2
$abc$2096$auto$blifparse.cc:396:parse_blif$2249,70593,19.260000228881836,445.6400146484375,T0Y40__R2_OR_0,sky130_fd_sc_hd__or2_2
$abc$2096$auto$blifparse.cc:396:parse_blif$2256,82916,19.260000228881836,516.3599853515625,T0Y47__R0_NAND_3,sky130_fd_sc_hd__nand2_2
$abc$2096$auto$blifparse.cc:396:parse_blif$2279,26561,65.26000213623047,168.1999969482422,T2Y15__R0_NAND_2,sky130_fd_sc_hd__nand2_2
$abc$2096$auto$blifparse.cc:396:parse_blif$2284,44157,46.86000061035156,277.0,T1Y25__R0_NAND_3,sky130_fd_sc_hd__nand2_2
$abc$2096$auto$blifparse.cc:396:parse_blif$2289,26577,69.86000061035156,170.9199981689453,T2Y15__R1_NAND_2,sky130_fd_sc_hd__nand2_2
$abc$2096$auto$blifparse.cc:396:parse_blif$2304,18351,391.8599853515625,119.23999786376953,T14Y10__R2_INV_0,sky130_fd_sc_hd__clkinv_2
$abc$2096$auto$blifparse.cc:396:parse_blif$2318,14850,424.05999755859375,92.04000091552734,T15Y8__R0_NAND_2,sky130_fd_sc_hd__nand2_2
$abc$2096$auto$blifparse.cc:396:parse_blif$2319,14810,414.8599853515625,92.04000091552734,T14Y8__R0_OR_2,sky130_fd_sc_hd__or2_2
$abc$2096$auto$blifparse.cc:396:parse_blif$2322,13098,419.4599914550781,83.87999725341797,T15Y7__R1_NAND_0,sky130_fd_sc_hd__nand2_2
$abc$2096$auto$blifparse.cc:396:parse_blif$2323,13071,414.8599853515625,86.5999984741211,T14Y7__R2_OR_4,sky130_fd_sc_hd__or2_2
$abc$2096$auto$blifparse.cc:396:parse_blif$2333,42890,309.05999755859375,268.8399963378906,T11Y24__R1_NAND_0,sky130_fd_sc_hd__nand2_2
$abc$2096$auto$blifparse.cc:396:parse_blif$2344,18343,396.4599914550781,116.5199966430664,T14Y10__R1_INV_0,sky130_fd_sc_hd__clkinv_2
$abc$2096$auto$blifparse.cc:396:parse_blif$2371,39413,341.260009765625,247.0800018310547,T12Y22__R1_INV_0,sky130_fd_sc_hd__clkinv_2
$abc$2096$auto$blifparse.cc:396:parse_blif$2384,25505,447.05999755859375,162.75999450683594,T16Y14__R2_INV_0,sky130_fd_sc_hd__clkinv_2
$abc$2096$auto$blifparse.cc:396:parse_blif$2408,51575,229.94000244140625,325.9599914550781,T8Y29__R2_NAND_0,sky130_fd_sc_hd__nand2_2
$abc$2096$auto$blifparse.cc:396:parse_blif$2424,25506,448.8999938964844,162.75999450683594,T16Y14__R2_INV_1,sky130_fd_sc_hd__clkinv_2
$abc$2096$auto$blifparse.cc:396:parse_blif$2442,51577,234.5399932861328,325.9599914550781,T8Y29__R2_NAND_2,sky130_fd_sc_hd__nand2_2
$abc$2096$auto$blifparse.cc:396:parse_blif$2468,27246,449.3599853515625,168.1999969482422,T16Y15__R0_NAND_1,sky130_fd_sc_hd__nand2_2
$abc$2096$auto$blifparse.cc:396:parse_blif$2474,80221,488.4599914550781,494.6000061035156,T17Y45__R0_NAND_3,sky130_fd_sc_hd__nand2_2
$abc$2096$auto$blifparse.cc:396:parse_blif$2170,47973,200.9600067138672,298.760009765625,T7Y27__R0_NAND_1,sky130_fd_sc_hd__nand2_2
$abc$2096$auto$blifparse.cc:396:parse_blif$2176,42704,198.66000366210938,271.55999755859375,T7Y24__R2_INV_0,sky130_fd_sc_hd__clkinv_2
$abc$2096$auto$blifparse.cc:396:parse_blif$2190,39251,256.1600036621094,244.36000061035156,T9Y22__R0_NAND_1,sky130_fd_sc_hd__nand2_2
$abc$2096$auto$blifparse.cc:396:parse_blif$2196,38837,13.739999771118164,249.8000030517578,T0Y22__R2_NAND_2,sky130_fd_sc_hd__nand2_2
$abc$2096$auto$blifparse.cc:396:parse_blif$2204,39080,147.13999938964844,249.8000030517578,T5Y22__R2_NAND_0,sky130_fd_sc_hd__nand2_2
$abc$2096$auto$blifparse.cc:396:parse_blif$2213,897,502.260009765625,7.71999979019165,T18Y0__R1_NAND_0,sky130_fd_sc_hd__nand2_2
$abc$2096$auto$blifparse.cc:396:parse_blif$2217,2671,502.260009765625,21.31999969482422,T18Y1__R2_INV_0,sky130_fd_sc_hd__clkinv_2
$abc$2096$auto$blifparse.cc:396:parse_blif$2220,30536,325.1600036621094,189.9600067138672,T11Y17__R0_NAND_4,sky130_fd_sc_hd__nand2_2
$abc$2096$auto$blifparse.cc:396:parse_blif$2228,841,488.4599914550781,5.0,T17Y0__R0_NAND_3,sky130_fd_sc_hd__nand2_2
$abc$2096$auto$blifparse.cc:396:parse_blif$2235,2606,490.760009765625,15.880000114440918,T17Y1__R0_NAND_4,sky130_fd_sc_hd__nand2_2
$abc$2096$auto$blifparse.cc:396:parse_blif$2243,70561,5.460000038146973,440.20001220703125,T0Y40__R0_NAND_0,sky130_fd_sc_hd__nand2_2
$abc$2096$auto$blifparse.cc:396:parse_blif$2253,65297,13.739999771118164,413.0,T0Y37__R2_NAND_2,sky130_fd_sc_hd__nand2_2
$abc$2096$auto$blifparse.cc:396:parse_blif$2257,82912,12.359999656677246,516.3599853515625,T0Y47__R0_INV_0,sky130_fd_sc_hd__clkinv_2
$abc$2096$auto$blifparse.cc:396:parse_blif$2280,40686,62.959999084472656,257.9599914550781,T2Y23__R1_NAND_1,sky130_fd_sc_hd__nand2_2
$abc$2096$auto$blifparse.cc:396:parse_blif$2285,61757,10.0600004196167,388.5199890136719,T0Y35__R1_INV_0,sky130_fd_sc_hd__clkinv_2
$abc$2096$auto$blifparse.cc:396:parse_blif$2290,52981,56.060001373291016,331.3999938964844,T1Y30__R0_OR_2,sky130_fd_sc_hd__or2_2
$abc$2096$auto$blifparse.cc:396:parse_blif$2292,42412,36.7400016784668,271.55999755859375,T1Y24__R2_NAND_0,sky130_fd_sc_hd__nand2_2
$abc$2096$auto$blifparse.cc:396:parse_blif$2320,14848,419.4599914550781,92.04000091552734,T15Y8__R0_NAND_0,sky130_fd_sc_hd__nand2_2
$abc$2096$auto$blifparse.cc:396:parse_blif$2324,13099,421.760009765625,83.87999725341797,T15Y7__R1_NAND_1,sky130_fd_sc_hd__nand2_2
$abc$2096$auto$blifparse.cc:396:parse_blif$2328,53352,226.25999450683594,339.55999755859375,T8Y30__R3_NAND_0,sky130_fd_sc_hd__nand2_2
$abc$2096$auto$blifparse.cc:396:parse_blif$2334,42900,309.05999755859375,271.55999755859375,T11Y24__R2_INV_0,sky130_fd_sc_hd__clkinv_2
$abc$2096$auto$blifparse.cc:396:parse_blif$2357,8094,601.1599731445312,48.52000045776367,T21Y4__R0_NAND_4,sky130_fd_sc_hd__nand2_2
$abc$2096$auto$blifparse.cc:396:parse_blif$2358,8095,603.4600219726562,48.52000045776367,T21Y4__R0_OR_0,sky130_fd_sc_hd__or2_2
$abc$2096$auto$blifparse.cc:396:parse_blif$2361,6340,594.260009765625,40.36000061035156,T21Y3__R1_NAND_2,sky130_fd_sc_hd__nand2_2
$abc$2096$auto$blifparse.cc:396:parse_blif$2362,4814,746.0599975585938,26.760000228881836,T26Y2__R0_OR_2,sky130_fd_sc_hd__or2_2
$abc$2096$auto$blifparse.cc:396:parse_blif$2367,46216,214.75999450683594,287.8800048828125,T7Y26__R0_NAND_4,sky130_fd_sc_hd__nand2_2
$abc$2096$auto$blifparse.cc:396:parse_blif$2407,51589,228.55999755859375,328.67999267578125,T8Y29__R3_NAND_1,sky130_fd_sc_hd__nand2_2
$abc$2096$auto$blifparse.cc:396:parse_blif$2440,42915,309.05999755859375,274.2799987792969,T11Y24__R3_NAND_0,sky130_fd_sc_hd__nand2_2
$abc$2096$auto$blifparse.cc:396:parse_blif$2443,51557,242.36000061035156,320.5199890136719,T8Y29__R0_NAND_4,sky130_fd_sc_hd__nand2_2
$abc$2096$auto$blifparse.cc:396:parse_blif$2469,27261,451.6600036621094,170.9199981689453,T16Y15__R1_INV_0,sky130_fd_sc_hd__clkinv_2
$abc$2096$auto$blifparse.cc:396:parse_blif$2470,35773,286.05999755859375,222.60000610351562,T10Y20__R0_NAND_2,sky130_fd_sc_hd__nand2_2
$abc$2096$auto$blifparse.cc:396:parse_blif$2177,46248,200.9600067138672,296.0400085449219,T7Y26__R3_NAND_1,sky130_fd_sc_hd__nand2_2
$abc$2096$auto$blifparse.cc:396:parse_blif$2197,39069,145.75999450683594,247.0800018310547,T5Y22__R1_NAND_1,sky130_fd_sc_hd__nand2_2
$abc$2096$auto$blifparse.cc:396:parse_blif$2214,18314,387.260009765625,119.23999786376953,T13Y10__R2_OR_4,sky130_fd_sc_hd__or2_2
$abc$2096$auto$blifparse.cc:396:parse_blif$2221,21838,378.05999755859375,141.0,T13Y12__R2_OR_0,sky130_fd_sc_hd__or2_2
$abc$2096$auto$blifparse.cc:396:parse_blif$2229,32194,253.86000061035156,200.83999633789062,T9Y18__R0_NAND_0,sky130_fd_sc_hd__nand2_2
$abc$2096$auto$blifparse.cc:396:parse_blif$2231,32156,249.25999450683594,200.83999633789062,T8Y18__R0_OR_2,sky130_fd_sc_hd__or2_2
$abc$2096$auto$blifparse.cc:396:parse_blif$2236,30472,260.760009765625,198.1199951171875,T9Y17__R3_NAND_3,sky130_fd_sc_hd__nand2_2
$abc$2096$auto$blifparse.cc:396:parse_blif$2237,32203,272.260009765625,200.83999633789062,T9Y18__R0_OR_0,sky130_fd_sc_hd__or2_2
$abc$2096$auto$blifparse.cc:396:parse_blif$2244,68836,5.460000038146973,437.4800109863281,T0Y39__R3_NAND_0,sky130_fd_sc_hd__nand2_2
$abc$2096$auto$blifparse.cc:396:parse_blif$2259,68823,9.140000343322754,434.760009765625,T0Y39__R2_NAND_0,sky130_fd_sc_hd__nand2_2
$abc$2096$auto$blifparse.cc:396:parse_blif$2286,52971,35.36000061035156,331.3999938964844,T1Y30__R0_NAND_1,sky130_fd_sc_hd__nand2_2
$abc$2096$auto$blifparse.cc:396:parse_blif$2293,44115,5.460000038146973,279.7200012207031,T0Y25__R1_NAND_0,sky130_fd_sc_hd__nand2_2
$abc$2096$auto$blifparse.cc:396:parse_blif$2321,39283,269.9599914550781,249.8000030517578,T9Y22__R2_OR_1,sky130_fd_sc_hd__or2_2
$abc$2096$auto$blifparse.cc:396:parse_blif$2325,39250,253.86000061035156,244.36000061035156,T9Y22__R0_NAND_0,sky130_fd_sc_hd__nand2_2
$abc$2096$auto$blifparse.cc:396:parse_blif$2329,56652,129.66000366210938,353.1600036621094,T4Y32__R0_NAND_3,sky130_fd_sc_hd__nand2_2
$abc$2096$auto$blifparse.cc:396:parse_blif$2359,8093,598.8599853515625,48.52000045776367,T21Y4__R0_NAND_3,sky130_fd_sc_hd__nand2_2
$abc$2096$auto$blifparse.cc:396:parse_blif$2363,6350,593.3400268554688,43.08000183105469,T21Y3__R2_NAND_2,sky130_fd_sc_hd__nand2_2
$abc$2096$auto$blifparse.cc:396:parse_blif$2368,47888,143.4600067138672,301.4800109863281,T5Y27__R1_NAND_0,sky130_fd_sc_hd__nand2_2
$abc$2096$auto$blifparse.cc:396:parse_blif$2397,6354,598.8599853515625,43.08000183105469,T21Y3__R2_OR_0,sky130_fd_sc_hd__or2_2
$abc$2096$auto$blifparse.cc:396:parse_blif$2399,42981,378.05999755859375,266.1199951171875,T13Y24__R0_NAND_3,sky130_fd_sc_hd__nand2_2
$abc$2096$auto$blifparse.cc:396:parse_blif$2403,3074,743.760009765625,21.31999969482422,T26Y1__R2_OR_3,sky130_fd_sc_hd__or2_2
$abc$2096$auto$blifparse.cc:396:parse_blif$2409,51590,230.86000061035156,328.67999267578125,T8Y29__R3_NAND_2,sky130_fd_sc_hd__nand2_2
$abc$2096$auto$blifparse.cc:396:parse_blif$2444,51622,253.86000061035156,325.9599914550781,T9Y29__R2_INV_0,sky130_fd_sc_hd__clkinv_2
$abc$2096$auto$blifparse.cc:396:parse_blif$2471,39527,405.6600036621094,249.8000030517578,T14Y22__R2_OR_0,sky130_fd_sc_hd__or2_2
$abc$2096$auto$blifparse.cc:396:parse_blif$2205,39016,138.86000061035156,244.36000061035156,T4Y22__R0_OR_2,sky130_fd_sc_hd__or2_2
$abc$2096$auto$blifparse.cc:396:parse_blif$2222,32201,267.6600036621094,200.83999633789062,T9Y18__R0_NAND_3,sky130_fd_sc_hd__nand2_2
$abc$2096$auto$blifparse.cc:396:parse_blif$2230,40687,65.26000213623047,257.9599914550781,T2Y23__R1_INV_0,sky130_fd_sc_hd__clkinv_2
$abc$2096$auto$blifparse.cc:396:parse_blif$2232,51588,226.25999450683594,328.67999267578125,T8Y29__R3_NAND_0,sky130_fd_sc_hd__nand2_2
$abc$2096$auto$blifparse.cc:396:parse_blif$2238,35722,253.86000061035156,222.60000610351562,T9Y20__R0_NAND_0,sky130_fd_sc_hd__nand2_2
$abc$2096$auto$blifparse.cc:396:parse_blif$2245,67051,14.65999984741211,421.1600036621094,T0Y38__R1_NAND_2,sky130_fd_sc_hd__nand2_2
$abc$2096$auto$blifparse.cc:396:parse_blif$2266,46149,143.4600067138672,296.0400085449219,T5Y26__R3_NAND_0,sky130_fd_sc_hd__nand2_2
$abc$2096$auto$blifparse.cc:396:parse_blif$2272,70666,74.45999908447266,440.20001220703125,T2Y40__R0_NAND_3,sky130_fd_sc_hd__nand2_2
$abc$2096$auto$blifparse.cc:396:parse_blif$2294,33593,39.040000915527344,217.16000366210938,T1Y19__R2_NAND_1,sky130_fd_sc_hd__nand2_2
$abc$2096$auto$blifparse.cc:396:parse_blif$2330,39290,256.1600036621094,252.52000427246094,T9Y22__R3_NAND_1,sky130_fd_sc_hd__nand2_2
$abc$2096$auto$blifparse.cc:396:parse_blif$2336,41014,253.86000061035156,255.24000549316406,T9Y23__R0_NAND_0,sky130_fd_sc_hd__nand2_2
$abc$2096$auto$blifparse.cc:396:parse_blif$2360,39430,352.760009765625,249.8000030517578,T12Y22__R2_OR_1,sky130_fd_sc_hd__or2_2
$abc$2096$auto$blifparse.cc:396:parse_blif$2364,42876,309.05999755859375,266.1199951171875,T11Y24__R0_NAND_0,sky130_fd_sc_hd__nand2_2
$abc$2096$auto$blifparse.cc:396:parse_blif$2369,42688,214.75999450683594,266.1199951171875,T7Y24__R0_NAND_4,sky130_fd_sc_hd__nand2_2
$abc$2096$auto$blifparse.cc:396:parse_blif$2398,41202,341.260009765625,263.3999938964844,T12Y23__R3_NAND_2,sky130_fd_sc_hd__nand2_2
$abc$2096$auto$blifparse.cc:396:parse_blif$2404,41246,387.260009765625,260.67999267578125,T13Y23__R2_OR_4,sky130_fd_sc_hd__or2_2
$abc$2096$auto$blifparse.cc:396:parse_blif$2445,46419,311.3599853515625,290.6000061035156,T11Y26__R1_NAND_1,sky130_fd_sc_hd__nand2_2
$abc$2096$auto$blifparse.cc:396:parse_blif$2446,41238,372.5400085449219,260.67999267578125,T13Y23__R2_NAND_2,sky130_fd_sc_hd__nand2_2
$abc$2096$auto$blifparse.cc:396:parse_blif$2447,41220,384.9599914550781,255.24000549316406,T13Y23__R0_OR_1,sky130_fd_sc_hd__or2_2
$abc$2096$auto$blifparse.cc:396:parse_blif$2472,39511,396.4599914550781,247.0800018310547,T14Y22__R1_INV_0,sky130_fd_sc_hd__clkinv_2
$abc$2096$auto$blifparse.cc:396:parse_blif$2206,39041,138.86000061035156,249.8000030517578,T4Y22__R2_OR_4,sky130_fd_sc_hd__or2_2
$abc$2096$auto$blifparse.cc:396:parse_blif$2233,49549,106.66000366210938,309.6400146484375,T3Y28__R0_OR_0,sky130_fd_sc_hd__or2_2
$abc$2096$auto$blifparse.cc:396:parse_blif$2239,54917,138.86000061035156,347.7200012207031,T4Y31__R2_OR_4,sky130_fd_sc_hd__or2_2
$abc$2096$auto$blifparse.cc:396:parse_blif$2258,68804,19.260000228881836,429.32000732421875,T0Y39__R0_NAND_3,sky130_fd_sc_hd__nand2_2
$abc$2096$auto$blifparse.cc:396:parse_blif$2267,46134,143.4600067138672,293.32000732421875,T5Y26__R2_INV_0,sky130_fd_sc_hd__clkinv_2
$abc$2096$auto$blifparse.cc:396:parse_blif$2273,28380,104.36000061035156,179.0800018310547,T3Y16__R0_NAND_4,sky130_fd_sc_hd__nand2_2
$abc$2096$auto$blifparse.cc:396:parse_blif$2274,28381,106.66000366210938,179.0800018310547,T3Y16__R0_OR_0,sky130_fd_sc_hd__or2_2
$abc$2096$auto$blifparse.cc:396:parse_blif$2295,47686,49.15999984741211,298.760009765625,T1Y27__R0_NAND_4,sky130_fd_sc_hd__nand2_2
$abc$2096$auto$blifparse.cc:396:parse_blif$2305,19511,76.76000213623047,124.68000030517578,T2Y11__R0_NAND_4,sky130_fd_sc_hd__nand2_2
$abc$2096$auto$blifparse.cc:396:parse_blif$2335,39289,253.86000061035156,252.52000427246094,T9Y22__R3_NAND_0,sky130_fd_sc_hd__nand2_2
$abc$2096$auto$blifparse.cc:396:parse_blif$2373,42894,318.260009765625,268.8399963378906,T11Y24__R1_NAND_2,sky130_fd_sc_hd__nand2_2
$abc$2096$auto$blifparse.cc:396:parse_blif$2374,44507,226.25999450683594,279.7200012207031,T8Y25__R1_NAND_0,sky130_fd_sc_hd__nand2_2
$abc$2096$auto$blifparse.cc:396:parse_blif$2400,42982,380.3599853515625,266.1199951171875,T13Y24__R0_NAND_4,sky130_fd_sc_hd__nand2_2
$abc$2096$auto$blifparse.cc:396:parse_blif$2402,23798,488.4599914550781,151.8800048828125,T17Y13__R2_OR_0,sky130_fd_sc_hd__or2_2
$abc$2096$auto$blifparse.cc:396:parse_blif$2412,44560,263.05999755859375,279.7200012207031,T9Y25__R1_NAND_2,sky130_fd_sc_hd__nand2_2
$abc$2096$auto$blifparse.cc:396:parse_blif$2448,41228,373.4599914550781,257.9599914550781,T13Y23__R1_NAND_2,sky130_fd_sc_hd__nand2_2
$abc$2096$auto$blifparse.cc:396:parse_blif$2450,42747,235.4600067138672,268.8399963378906,T8Y24__R1_NAND_2,sky130_fd_sc_hd__nand2_2
$abc$2096$auto$blifparse.cc:396:parse_blif$2223,42666,191.75999450683594,271.55999755859375,T6Y24__R2_OR_3,sky130_fd_sc_hd__or2_2
$abc$2096$auto$blifparse.cc:396:parse_blif$2234,49605,120.45999908447266,312.3599853515625,T4Y28__R1_INV_0,sky130_fd_sc_hd__clkinv_2
$abc$2096$auto$blifparse.cc:396:parse_blif$2240,54954,143.4600067138672,347.7200012207031,T5Y31__R2_INV_0,sky130_fd_sc_hd__clkinv_2
$abc$2096$auto$blifparse.cc:396:parse_blif$2260,68829,19.260000228881836,434.760009765625,T0Y39__R2_OR_0,sky130_fd_sc_hd__or2_2
$abc$2096$auto$blifparse.cc:396:parse_blif$2268,26650,95.16000366210938,176.36000061035156,T3Y15__R3_NAND_3,sky130_fd_sc_hd__nand2_2
$abc$2096$auto$blifparse.cc:396:parse_blif$2269,26641,104.36000061035156,173.63999938964844,T3Y15__R2_OR_1,sky130_fd_sc_hd__or2_2
$abc$2096$auto$blifparse.cc:396:parse_blif$2275,28379,102.05999755859375,179.0800018310547,T3Y16__R0_NAND_3,sky130_fd_sc_hd__nand2_2
$abc$2096$auto$blifparse.cc:396:parse_blif$2296,45923,51.459999084472656,287.8800048828125,T1Y26__R0_OR_0,sky130_fd_sc_hd__or2_2
$abc$2096$auto$blifparse.cc:396:parse_blif$2306,17802,88.26000213623047,116.5199966430664,T3Y10__R1_NAND_0,sky130_fd_sc_hd__nand2_2
$abc$2096$auto$blifparse.cc:396:parse_blif$2312,26616,104.36000061035156,168.1999969482422,T3Y15__R0_NAND_4,sky130_fd_sc_hd__nand2_2
$abc$2096$auto$blifparse.cc:396:parse_blif$2337,42765,249.25999450683594,271.55999755859375,T8Y24__R2_OR_4,sky130_fd_sc_hd__or2_2
$abc$2096$auto$blifparse.cc:396:parse_blif$2375,42908,322.8599853515625,271.55999755859375,T11Y24__R2_OR_0,sky130_fd_sc_hd__or2_2
$abc$2096$auto$blifparse.cc:396:parse_blif$2401,20523,614.9600219726562,132.83999633789062,T22Y11__R3_NAND_1,sky130_fd_sc_hd__nand2_2
$abc$2096$auto$blifparse.cc:396:parse_blif$2413,49843,272.260009765625,309.6400146484375,T9Y28__R0_OR_0,sky130_fd_sc_hd__or2_2
$abc$2096$auto$blifparse.cc:396:parse_blif$2414,32586,474.6600036621094,200.83999633789062,T17Y18__R0_NAND_0,sky130_fd_sc_hd__nand2_2
$abc$2096$auto$blifparse.cc:396:parse_blif$2449,22255,628.760009765625,135.55999755859375,T22Y12__R0_NAND_4,sky130_fd_sc_hd__nand2_2
$abc$2096$auto$blifparse.cc:396:parse_blif$2451,67412,221.66000366210938,423.8800048828125,T7Y38__R2_OR_4,sky130_fd_sc_hd__or2_2
$abc$2096$auto$blifparse.cc:396:parse_blif$2261,56632,111.26000213623047,358.6000061035156,T3Y32__R2_OR_4,sky130_fd_sc_hd__or2_2
$abc$2096$auto$blifparse.cc:396:parse_blif$2270,26636,96.54000091552734,173.63999938964844,T3Y15__R2_NAND_2,sky130_fd_sc_hd__nand2_2
$abc$2096$auto$blifparse.cc:396:parse_blif$2276,53006,56.060001373291016,336.8399963378906,T1Y30__R2_OR_4,sky130_fd_sc_hd__or2_2
$abc$2096$auto$blifparse.cc:396:parse_blif$2297,45917,39.959999084472656,287.8800048828125,T1Y26__R0_INV_0,sky130_fd_sc_hd__clkinv_2
$abc$2096$auto$blifparse.cc:396:parse_blif$2307,18051,235.4600067138672,116.5199966430664,T8Y10__R1_NAND_2,sky130_fd_sc_hd__nand2_2
$abc$2096$auto$blifparse.cc:396:parse_blif$2308,18065,240.05999755859375,119.23999786376953,T8Y10__R2_OR_0,sky130_fd_sc_hd__or2_2
$abc$2096$auto$blifparse.cc:396:parse_blif$2313,18041,242.36000061035156,113.80000305175781,T8Y10__R0_NAND_4,sky130_fd_sc_hd__nand2_2
$abc$2096$auto$blifparse.cc:396:parse_blif$2315,18066,242.36000061035156,119.23999786376953,T8Y10__R2_OR_1,sky130_fd_sc_hd__or2_2
$abc$2096$auto$blifparse.cc:396:parse_blif$2338,42802,253.86000061035156,271.55999755859375,T9Y24__R2_INV_0,sky130_fd_sc_hd__clkinv_2
$abc$2096$auto$blifparse.cc:396:parse_blif$2376,41148,332.05999755859375,260.67999267578125,T11Y23__R2_OR_4,sky130_fd_sc_hd__or2_2
$abc$2096$auto$blifparse.cc:396:parse_blif$2415,30846,474.6600036621094,195.39999389648438,T17Y17__R2_INV_0,sky130_fd_sc_hd__clkinv_2
$abc$2096$auto$blifparse.cc:396:parse_blif$2452,27400,545.9600219726562,168.1999969482422,T19Y15__R0_NAND_4,sky130_fd_sc_hd__nand2_2
$abc$2096$auto$blifparse.cc:396:parse_blif$2458,44429,189.4600067138672,282.44000244140625,T6Y25__R2_OR_2,sky130_fd_sc_hd__or2_2
$abc$2096$auto$blifparse.cc:396:parse_blif$2262,54913,129.66000366210938,347.7200012207031,T4Y31__R2_OR_0,sky130_fd_sc_hd__or2_2
$abc$2096$auto$blifparse.cc:396:parse_blif$2271,52979,51.459999084472656,331.3999938964844,T1Y30__R0_OR_0,sky130_fd_sc_hd__or2_2
$abc$2096$auto$blifparse.cc:396:parse_blif$2298,49449,46.86000061035156,309.6400146484375,T1Y28__R0_NAND_3,sky130_fd_sc_hd__nand2_2
$abc$2096$auto$blifparse.cc:396:parse_blif$2309,18061,234.5399932861328,119.23999786376953,T8Y10__R2_NAND_2,sky130_fd_sc_hd__nand2_2
$abc$2096$auto$blifparse.cc:396:parse_blif$2314,18106,253.86000061035156,119.23999786376953,T9Y10__R2_INV_0,sky130_fd_sc_hd__clkinv_2
$abc$2096$auto$blifparse.cc:396:parse_blif$2316,47867,122.76000213623047,306.9200134277344,T4Y27__R3_NAND_3,sky130_fd_sc_hd__nand2_2
$abc$2096$auto$blifparse.cc:396:parse_blif$2345,18236,350.4599914550781,113.80000305175781,T12Y10__R0_NAND_3,sky130_fd_sc_hd__nand2_2
$abc$2096$auto$blifparse.cc:396:parse_blif$2351,18206,312.739990234375,119.23999786376953,T11Y10__R2_NAND_0,sky130_fd_sc_hd__nand2_2
$abc$2096$auto$blifparse.cc:396:parse_blif$2377,41128,313.6600036621094,257.9599914550781,T11Y23__R1_INV_0,sky130_fd_sc_hd__clkinv_2
$abc$2096$auto$blifparse.cc:396:parse_blif$2416,30938,539.0599975585938,192.67999267578125,T19Y17__R1_NAND_2,sky130_fd_sc_hd__nand2_2
$abc$2096$auto$blifparse.cc:396:parse_blif$2453,25765,585.0599975585938,165.47999572753906,T21Y14__R3_NAND_0,sky130_fd_sc_hd__nand2_2
$abc$2096$auto$blifparse.cc:396:parse_blif$2299,49445,39.959999084472656,309.6400146484375,T1Y28__R0_INV_0,sky130_fd_sc_hd__clkinv_2
$abc$2096$auto$blifparse.cc:396:parse_blif$2310,46146,166.4600067138672,293.32000732421875,T5Y26__R2_OR_4,sky130_fd_sc_hd__or2_2
$abc$2096$auto$blifparse.cc:396:parse_blif$2317,37422,217.05999755859375,238.9199981689453,T7Y21__R2_OR_2,sky130_fd_sc_hd__or2_2
$abc$2096$auto$blifparse.cc:396:parse_blif$2346,18280,368.8599853515625,113.80000305175781,T13Y10__R0_NAND_2,sky130_fd_sc_hd__nand2_2
$abc$2096$auto$blifparse.cc:396:parse_blif$2347,18238,355.05999755859375,113.80000305175781,T12Y10__R0_OR_0,sky130_fd_sc_hd__or2_2
$abc$2096$auto$blifparse.cc:396:parse_blif$2352,18262,352.760009765625,119.23999786376953,T12Y10__R2_OR_1,sky130_fd_sc_hd__or2_2
$abc$2096$auto$blifparse.cc:396:parse_blif$2353,18247,345.8599853515625,116.5199966430664,T12Y10__R1_NAND_2,sky130_fd_sc_hd__nand2_2
$abc$2096$auto$blifparse.cc:396:parse_blif$2417,37765,410.260009765625,238.9199981689453,T14Y21__R2_OR_2,sky130_fd_sc_hd__or2_2
$abc$2096$auto$blifparse.cc:396:parse_blif$2454,39506,414.8599853515625,244.36000061035156,T14Y22__R0_OR_2,sky130_fd_sc_hd__or2_2
$abc$2096$auto$blifparse.cc:396:parse_blif$2459,46096,136.55999755859375,293.32000732421875,T4Y26__R2_OR_3,sky130_fd_sc_hd__or2_2
$abc$2096$auto$blifparse.cc:396:parse_blif$2300,51213,46.86000061035156,320.5199890136719,T1Y29__R0_NAND_3,sky130_fd_sc_hd__nand2_2
$abc$2096$auto$blifparse.cc:396:parse_blif$2311,47898,143.4600067138672,304.20001220703125,T5Y27__R2_INV_0,sky130_fd_sc_hd__clkinv_2
$abc$2096$auto$blifparse.cc:396:parse_blif$2339,47965,177.9600067138672,306.9200134277344,T6Y27__R3_NAND_3,sky130_fd_sc_hd__nand2_2
$abc$2096$auto$blifparse.cc:396:parse_blif$2348,18237,352.760009765625,113.80000305175781,T12Y10__R0_NAND_4,sky130_fd_sc_hd__nand2_2
$abc$2096$auto$blifparse.cc:396:parse_blif$2354,18232,343.55999755859375,113.80000305175781,T12Y10__R0_INV_0,sky130_fd_sc_hd__clkinv_2
$abc$2096$auto$blifparse.cc:396:parse_blif$2355,35813,288.3599853515625,230.75999450683594,T10Y20__R3_NAND_3,sky130_fd_sc_hd__nand2_2
$abc$2096$auto$blifparse.cc:396:parse_blif$2385,18305,370.239990234375,119.23999786376953,T13Y10__R2_NAND_1,sky130_fd_sc_hd__nand2_2
$abc$2096$auto$blifparse.cc:396:parse_blif$2391,16458,315.9599914550781,111.08000183105469,T11Y9__R3_NAND_3,sky130_fd_sc_hd__nand2_2
$abc$2096$auto$blifparse.cc:396:parse_blif$2418,37747,396.4599914550781,236.1999969482422,T14Y21__R1_INV_0,sky130_fd_sc_hd__clkinv_2
$abc$2096$auto$blifparse.cc:396:parse_blif$2455,37804,419.4599914550781,238.9199981689453,T15Y21__R2_INV_0,sky130_fd_sc_hd__clkinv_2
$abc$2096$auto$blifparse.cc:396:parse_blif$2340,47958,191.75999450683594,304.20001220703125,T6Y27__R2_OR_3,sky130_fd_sc_hd__or2_2
$abc$2096$auto$blifparse.cc:396:parse_blif$2349,60282,194.05999755859375,374.9200134277344,T6Y34__R0_OR_2,sky130_fd_sc_hd__or2_2
$abc$2096$auto$blifparse.cc:396:parse_blif$2356,32226,267.6600036621094,206.27999877929688,T9Y18__R2_OR_0,sky130_fd_sc_hd__or2_2
$abc$2096$auto$blifparse.cc:396:parse_blif$2386,21888,407.9599914550781,141.0,T14Y12__R2_OR_1,sky130_fd_sc_hd__or2_2
$abc$2096$auto$blifparse.cc:396:parse_blif$2387,23627,407.9599914550781,146.44000244140625,T14Y13__R0_NAND_4,sky130_fd_sc_hd__nand2_2
$abc$2096$auto$blifparse.cc:396:parse_blif$2392,23637,401.05999755859375,149.16000366210938,T14Y13__R1_NAND_2,sky130_fd_sc_hd__nand2_2
$abc$2096$auto$blifparse.cc:396:parse_blif$2394,33896,221.66000366210938,217.16000366210938,T7Y19__R2_OR_4,sky130_fd_sc_hd__or2_2
$abc$2096$auto$blifparse.cc:396:parse_blif$2460,49621,129.66000366210938,315.0799865722656,T4Y28__R2_OR_0,sky130_fd_sc_hd__or2_2
$abc$2096$auto$blifparse.cc:396:parse_blif$2350,49760,198.66000366210938,315.0799865722656,T7Y28__R2_INV_0,sky130_fd_sc_hd__clkinv_2
$abc$2096$auto$blifparse.cc:396:parse_blif$2378,51507,212.4600067138672,320.5199890136719,T7Y29__R0_NAND_3,sky130_fd_sc_hd__nand2_2
$abc$2096$auto$blifparse.cc:396:parse_blif$2388,23626,405.6600036621094,146.44000244140625,T14Y13__R0_NAND_3,sky130_fd_sc_hd__nand2_2
$abc$2096$auto$blifparse.cc:396:parse_blif$2393,23622,398.760009765625,146.44000244140625,T14Y13__R0_INV_0,sky130_fd_sc_hd__clkinv_2
$abc$2096$auto$blifparse.cc:396:parse_blif$2395,37476,226.25999450683594,241.63999938964844,T8Y21__R3_NAND_0,sky130_fd_sc_hd__nand2_2
$abc$2096$auto$blifparse.cc:396:parse_blif$2425,25521,449.3599853515625,165.47999572753906,T16Y14__R3_NAND_1,sky130_fd_sc_hd__nand2_2
$abc$2096$auto$blifparse.cc:396:parse_blif$2430,25434,424.05999755859375,157.32000732421875,T15Y14__R0_NAND_2,sky130_fd_sc_hd__nand2_2
$abc$2096$auto$blifparse.cc:396:parse_blif$2461,49696,189.4600067138672,309.6400146484375,T6Y28__R0_OR_0,sky130_fd_sc_hd__or2_2
$abc$2096$auto$blifparse.cc:396:parse_blif$2467,23628,410.260009765625,146.44000244140625,T14Y13__R0_OR_0,sky130_fd_sc_hd__or2_2
$abc$2096$auto$blifparse.cc:396:parse_blif$2379,47959,194.05999755859375,304.20001220703125,T6Y27__R2_OR_4,sky130_fd_sc_hd__or2_2
$abc$2096$auto$blifparse.cc:396:parse_blif$2389,42762,242.36000061035156,271.55999755859375,T8Y24__R2_OR_1,sky130_fd_sc_hd__or2_2
$abc$2096$auto$blifparse.cc:396:parse_blif$2396,39406,355.05999755859375,244.36000061035156,T12Y22__R0_OR_0,sky130_fd_sc_hd__or2_2
$abc$2096$auto$blifparse.cc:396:parse_blif$2426,25522,451.6600036621094,165.47999572753906,T16Y14__R3_NAND_2,sky130_fd_sc_hd__nand2_2
$abc$2096$auto$blifparse.cc:396:parse_blif$2427,25468,442.4599914550781,162.75999450683594,T15Y14__R2_OR_4,sky130_fd_sc_hd__or2_2
$abc$2096$auto$blifparse.cc:396:parse_blif$2431,27207,442.4599914550781,168.1999969482422,T15Y15__R0_OR_2,sky130_fd_sc_hd__or2_2
$abc$2096$auto$blifparse.cc:396:parse_blif$2433,25459,425.44000244140625,162.75999450683594,T15Y14__R2_NAND_1,sky130_fd_sc_hd__nand2_2
$abc$2096$auto$blifparse.cc:396:parse_blif$2473,32453,391.8599853515625,203.55999755859375,T14Y18__R1_NAND_0,sky130_fd_sc_hd__nand2_2
$abc$2096$auto$blifparse.cc:396:parse_blif$2390,49809,226.25999450683594,315.0799865722656,T8Y28__R2_INV_0,sky130_fd_sc_hd__clkinv_2
$abc$2096$auto$blifparse.cc:396:parse_blif$2419,53315,230.86000061035156,331.3999938964844,T8Y30__R0_NAND_2,sky130_fd_sc_hd__nand2_2
$abc$2096$auto$blifparse.cc:396:parse_blif$2428,27247,451.6600036621094,168.1999969482422,T16Y15__R0_NAND_2,sky130_fd_sc_hd__nand2_2
$abc$2096$auto$blifparse.cc:396:parse_blif$2432,27270,448.8999938964844,173.63999938964844,T16Y15__R2_INV_1,sky130_fd_sc_hd__clkinv_2
$abc$2096$auto$blifparse.cc:396:parse_blif$2434,46412,325.1600036621094,287.8800048828125,T11Y26__R0_NAND_4,sky130_fd_sc_hd__nand2_2
$abc$2096$auto$blifparse.cc:396:parse_blif$2462,51509,217.05999755859375,320.5199890136719,T7Y29__R0_OR_0,sky130_fd_sc_hd__or2_2
$abc$2096$auto$blifparse.cc:396:parse_blif$2475,55508,447.05999755859375,350.44000244140625,T16Y31__R3_NAND_0,sky130_fd_sc_hd__nand2_2
$abc$2096$auto$blifparse.cc:396:parse_blif$2420,51581,240.05999755859375,325.9599914550781,T8Y29__R2_OR_0,sky130_fd_sc_hd__or2_2
$abc$2096$auto$blifparse.cc:396:parse_blif$2429,27205,437.8599853515625,168.1999969482422,T15Y15__R0_OR_0,sky130_fd_sc_hd__or2_2
$abc$2096$auto$blifparse.cc:396:parse_blif$2435,39429,350.4599914550781,249.8000030517578,T12Y22__R2_OR_0,sky130_fd_sc_hd__or2_2
$abc$2096$auto$blifparse.cc:396:parse_blif$2466,42859,295.260009765625,271.55999755859375,T10Y24__R2_OR_0,sky130_fd_sc_hd__or2_2
$abc$2096$auto$blifparse.cc:396:parse_blif$2476,53345,240.05999755859375,336.8399963378906,T8Y30__R2_OR_0,sky130_fd_sc_hd__or2_2
$abc$2096$auto$blifparse.cc:396:parse_blif$2436,39422,338.5,249.8000030517578,T12Y22__R2_INV_1,sky130_fd_sc_hd__clkinv_2
$abc$2096$auto$blifparse.cc:396:parse_blif$2456,37640,350.4599914550781,233.47999572753906,T12Y21__R0_NAND_3,sky130_fd_sc_hd__nand2_2
$abc$2096$auto$blifparse.cc:396:parse_blif$2463,53322,244.66000366210938,331.3999938964844,T8Y30__R0_OR_0,sky130_fd_sc_hd__or2_2
$abc$2096$auto$blifparse.cc:396:parse_blif$2477,53429,290.6600036621094,334.1199951171875,T10Y30__R1_NAND_2,sky130_fd_sc_hd__nand2_2
$abc$2096$auto$blifparse.cc:396:parse_blif$2457,42912,332.05999755859375,271.55999755859375,T11Y24__R2_OR_4,sky130_fd_sc_hd__or2_2
$abc$2096$auto$blifparse.cc:396:parse_blif$2478,53427,286.05999755859375,334.1199951171875,T10Y30__R1_INV_0,sky130_fd_sc_hd__clkinv_2
$abc$2096$auto$blifparse.cc:396:parse_blif$2464,42812,272.260009765625,271.55999755859375,T9Y24__R2_OR_2,sky130_fd_sc_hd__or2_2
$abc$2096$auto$blifparse.cc:396:parse_blif$2465,42843,286.05999755859375,268.8399963378906,T10Y24__R1_INV_0,sky130_fd_sc_hd__clkinv_2
$abc$2096$auto$blifparse.cc:396:parse_blif$2098,92195,255.6999969482422,576.2000122070312,T9Y52__R2_INV_1,sky130_fd_sc_hd__clkinv_2
$abc$2096$auto$blifparse.cc:396:parse_blif$2109,105841,5.460000038146973,657.7999877929688,T0Y60__R0_NAND_0,sky130_fd_sc_hd__nand2_2
$abc$2096$auto$blifparse.cc:396:parse_blif$2110,107619,5.460000038146973,671.4000244140625,T0Y61__R1_NAND_0,sky130_fd_sc_hd__nand2_2
$abc$2096$auto$blifparse.cc:396:parse_blif$2111,105855,5.460000038146973,660.52001953125,T0Y60__R1_NAND_0,sky130_fd_sc_hd__nand2_2
$abc$2096$auto$blifparse.cc:396:parse_blif$2112,107605,5.460000038146973,668.6799926757812,T0Y61__R0_NAND_0,sky130_fd_sc_hd__nand2_2
$abc$2096$auto$blifparse.cc:396:parse_blif$2113,105866,7.300000190734863,663.239990234375,T0Y60__R2_INV_1,sky130_fd_sc_hd__clkinv_2
$abc$2096$auto$blifparse.cc:396:parse_blif$2114,105867,9.140000343322754,663.239990234375,T0Y60__R2_NAND_0,sky130_fd_sc_hd__nand2_2
$abc$2096$auto$blifparse.cc:396:parse_blif$2115,105857,10.0600004196167,660.52001953125,T0Y60__R1_INV_0,sky130_fd_sc_hd__clkinv_2
$abc$2096$auto$blifparse.cc:396:parse_blif$2116,105873,19.260000228881836,663.239990234375,T0Y60__R2_OR_0,sky130_fd_sc_hd__or2_2
$abc$2096$auto$blifparse.cc:396:parse_blif$2117,105868,11.4399995803833,663.239990234375,T0Y60__R2_NAND_1,sky130_fd_sc_hd__nand2_2
$abc$2096$auto$blifparse.cc:396:parse_blif$2118,105844,12.359999656677246,657.7999877929688,T0Y60__R0_INV_0,sky130_fd_sc_hd__clkinv_2
$abc$2096$auto$blifparse.cc:396:parse_blif$2119,105869,13.739999771118164,663.239990234375,T0Y60__R2_NAND_2,sky130_fd_sc_hd__nand2_2
$abc$2096$auto$blifparse.cc:396:parse_blif$2120,105874,21.559999465942383,663.239990234375,T0Y60__R2_OR_1,sky130_fd_sc_hd__or2_2
$abc$2096$auto$blifparse.cc:396:parse_blif$2121,105883,12.359999656677246,665.9600219726562,T0Y60__R3_NAND_3,sky130_fd_sc_hd__nand2_2
$abc$2096$auto$blifparse.cc:396:parse_blif$2122,107608,12.359999656677246,668.6799926757812,T0Y61__R0_INV_0,sky130_fd_sc_hd__clkinv_2
$abc$2096$auto$blifparse.cc:396:parse_blif$2123,105859,14.65999984741211,660.52001953125,T0Y60__R1_NAND_2,sky130_fd_sc_hd__nand2_2
$abc$2096$auto$blifparse.cc:396:parse_blif$2124,105875,23.860000610351562,663.239990234375,T0Y60__R2_OR_2,sky130_fd_sc_hd__or2_2
$abc$2096$auto$blifparse.cc:396:parse_blif$2125,105848,19.260000228881836,657.7999877929688,T0Y60__R0_NAND_3,sky130_fd_sc_hd__nand2_2
$abc$2096$auto$blifparse.cc:396:parse_blif$2126,105843,10.0600004196167,657.7999877929688,T0Y60__R0_NAND_2,sky130_fd_sc_hd__nand2_2
$abc$2096$auto$blifparse.cc:396:parse_blif$2127,105856,7.760000228881836,660.52001953125,T0Y60__R1_NAND_1,sky130_fd_sc_hd__nand2_2
$abc$2096$auto$blifparse.cc:396:parse_blif$2128,105842,7.760000228881836,657.7999877929688,T0Y60__R0_NAND_1,sky130_fd_sc_hd__nand2_2
$abc$2096$auto$blifparse.cc:396:parse_blif$2129,107606,7.760000228881836,668.6799926757812,T0Y61__R0_NAND_1,sky130_fd_sc_hd__nand2_2
$abc$2096$auto$blifparse.cc:396:parse_blif$2130,107630,7.300000190734863,674.1199951171875,T0Y61__R2_INV_1,sky130_fd_sc_hd__clkinv_2
$abc$2096$auto$blifparse.cc:396:parse_blif$2131,107632,11.4399995803833,674.1199951171875,T0Y61__R2_NAND_1,sky130_fd_sc_hd__nand2_2
$abc$2096$auto$blifparse.cc:396:parse_blif$2132,92210,256.1600036621094,578.9199829101562,T9Y52__R3_NAND_1,sky130_fd_sc_hd__nand2_2
$abc$2096$auto$blifparse.cc:396:parse_blif$2133,78538,502.260009765625,491.8800048828125,T18Y44__R3_NAND_0,sky130_fd_sc_hd__nand2_2
$abc$2096$auto$blifparse.cc:396:parse_blif$2134,105850,23.860000610351562,657.7999877929688,T0Y60__R0_OR_0,sky130_fd_sc_hd__or2_2
$abc$2096$auto$blifparse.cc:396:parse_blif$2135,92185,256.1600036621094,573.47998046875,T9Y52__R1_NAND_1,sky130_fd_sc_hd__nand2_2
$abc$2096$auto$blifparse.cc:396:parse_blif$2136,78523,502.260009765625,489.1600036621094,T18Y44__R2_INV_0,sky130_fd_sc_hd__clkinv_2
$abc$2096$auto$blifparse.cc:396:parse_blif$2137,92184,253.86000061035156,573.47998046875,T9Y52__R1_NAND_0,sky130_fd_sc_hd__nand2_2
$abc$2096$auto$blifparse.cc:396:parse_blif$2138,105851,26.15999984741211,657.7999877929688,T0Y60__R0_OR_1,sky130_fd_sc_hd__or2_2
$abc$2096$auto$blifparse.cc:396:parse_blif$2139,92170,253.86000061035156,570.760009765625,T9Y52__R0_NAND_0,sky130_fd_sc_hd__nand2_2
$abc$2096$auto$blifparse.cc:396:parse_blif$2140,107637,19.260000228881836,674.1199951171875,T0Y61__R2_OR_0,sky130_fd_sc_hd__or2_2
$abc$2096$auto$blifparse.cc:396:parse_blif$2141,107607,10.0600004196167,668.6799926757812,T0Y61__R0_NAND_2,sky130_fd_sc_hd__nand2_2
$abc$2096$auto$blifparse.cc:396:parse_blif$2142,107621,10.0600004196167,671.4000244140625,T0Y61__R1_INV_0,sky130_fd_sc_hd__clkinv_2
$abc$2096$auto$blifparse.cc:396:parse_blif$2143,80224,495.3599853515625,494.6000061035156,T17Y45__R0_OR_1,sky130_fd_sc_hd__or2_2
$abc$2096$auto$blifparse.cc:396:parse_blif$2144,80263,502.260009765625,494.6000061035156,T18Y45__R0_NAND_0,sky130_fd_sc_hd__nand2_2
$abc$2096$auto$blifparse.cc:396:parse_blif$2145,92156,246.9600067138672,576.2000122070312,T8Y52__R2_OR_3,sky130_fd_sc_hd__or2_2
$abc$2096$auto$blifparse.cc:396:parse_blif$2146,99030,143.4600067138672,614.280029296875,T5Y56__R0_NAND_0,sky130_fd_sc_hd__nand2_2
$abc$2096$auto$blifparse.cc:396:parse_blif$2147,99044,143.4600067138672,617.0,T5Y56__R1_NAND_0,sky130_fd_sc_hd__nand2_2
$abc$2096$auto$blifparse.cc:396:parse_blif$2148,99054,143.4600067138672,619.719970703125,T5Y56__R2_INV_0,sky130_fd_sc_hd__clkinv_2
$abc$2096$auto$blifparse.cc:396:parse_blif$2149,78539,504.55999755859375,491.8800048828125,T18Y44__R3_NAND_1,sky130_fd_sc_hd__nand2_2
$abc$2096$auto$blifparse.cc:396:parse_blif$2150,80225,497.6600036621094,494.6000061035156,T17Y45__R0_OR_2,sky130_fd_sc_hd__or2_2
$abc$2096$auto$blifparse.cc:396:parse_blif$2151,80264,504.55999755859375,494.6000061035156,T18Y45__R0_NAND_1,sky130_fd_sc_hd__nand2_2
$abc$2096$auto$blifparse.cc:396:parse_blif$2152,92157,249.25999450683594,576.2000122070312,T8Y52__R2_OR_4,sky130_fd_sc_hd__or2_2
$abc$2096$auto$blifparse.cc:396:parse_blif$2153,92196,257.5400085449219,576.2000122070312,T9Y52__R2_NAND_0,sky130_fd_sc_hd__nand2_2
$abc$2096$auto$blifparse.cc:396:parse_blif$2154,92209,253.86000061035156,578.9199829101562,T9Y52__R3_NAND_0,sky130_fd_sc_hd__nand2_2
$abc$2096$auto$blifparse.cc:396:parse_blif$2155,97290,143.4600067138672,608.8400268554688,T5Y55__R2_INV_0,sky130_fd_sc_hd__clkinv_2
$abc$2096$auto$blifparse.cc:396:parse_blif$2156,105882,10.0600004196167,665.9600219726562,T0Y60__R3_NAND_2,sky130_fd_sc_hd__nand2_2
$abc$2096$auto$blifparse.cc:396:parse_blif$2157,105880,5.460000038146973,665.9600219726562,T0Y60__R3_NAND_0,sky130_fd_sc_hd__nand2_2
$abc$2096$auto$blifparse.cc:396:parse_blif$2158,105881,7.760000228881836,665.9600219726562,T0Y60__R3_NAND_1,sky130_fd_sc_hd__nand2_2
$auto$insbuf.cc:97:execute$2479,39254,262.6000061035156,244.36000061035156,T9Y22__R0_BUF_0,sky130_fd_sc_hd__clkbuf_4
$auto$insbuf.cc:97:execute$2480,39293,263.05999755859375,252.52000427246094,T9Y22__R3_BUF_0,sky130_fd_sc_hd__clkbuf_4
$auto$insbuf.cc:97:execute$2481,37503,260.29998779296875,236.1999969482422,T9Y21__R1_BUF_0,sky130_fd_sc_hd__clkbuf_4
$auto$insbuf.cc:97:execute$2482,41498,511.4599914550781,263.3999938964844,T18Y23__R3_BUF_0,sky130_fd_sc_hd__clkbuf_4
$auto$insbuf.cc:97:execute$2483,41472,508.70001220703125,257.9599914550781,T18Y23__R1_BUF_0,sky130_fd_sc_hd__clkbuf_4
$auto$insbuf.cc:97:execute$2484,43223,511.0,266.1199951171875,T18Y24__R0_BUF_0,sky130_fd_sc_hd__clkbuf_4
$auto$insbuf.cc:97:execute$2485,43262,511.4599914550781,274.2799987792969,T18Y24__R3_BUF_0,sky130_fd_sc_hd__clkbuf_4
$flatten\A.\counter_inst.$auto$ff.cc:266:slice$1480,39689,489.8399963378906,252.52000427246094,T17Y22__R3_DFBBP_0,sky130_fd_sc_hd__dfbbp_1
$flatten\A.\counter_inst.$auto$ff.cc:266:slice$1481,37900,489.8399963378906,236.1999969482422,T17Y21__R1_DFBBP_0,sky130_fd_sc_hd__dfbbp_1
$flatten\A.\counter_inst.$auto$ff.cc:266:slice$1482,37974,517.4400024414062,241.63999938964844,T18Y21__R3_DFBBP_0,sky130_fd_sc_hd__dfbbp_1
$flatten\A.\counter_inst.$auto$ff.cc:266:slice$1483,36161,489.8399963378906,230.75999450683594,T17Y20__R3_DFBBP_0,sky130_fd_sc_hd__dfbbp_1
$flatten\A.\gray_inst.$auto$ff.cc:266:slice$1422,41428,489.8399963378906,257.9599914550781,T17Y23__R1_DFBBP_0,sky130_fd_sc_hd__dfbbp_1
$flatten\A.\gray_inst.$auto$ff.cc:266:slice$1424,37949,517.4400024414062,236.1999969482422,T18Y21__R1_DFBBP_0,sky130_fd_sc_hd__dfbbp_1
$flatten\A.\gray_inst.$auto$ff.cc:266:slice$1425,39713,517.4400024414062,247.0800018310547,T18Y22__R1_DFBBP_0,sky130_fd_sc_hd__dfbbp_1
$flatten\A.\gray_inst.$auto$ff.cc:266:slice$1429,41477,517.4400024414062,257.9599914550781,T18Y23__R1_DFBBP_0,sky130_fd_sc_hd__dfbbp_1
$flatten\A.\gray_inst.$auto$ff.cc:266:slice$1430,39664,489.8399963378906,247.0800018310547,T17Y22__R1_DFBBP_0,sky130_fd_sc_hd__dfbbp_1
$flatten\A.\gray_inst.$auto$ff.cc:266:slice$1431,37925,489.8399963378906,241.63999938964844,T17Y21__R3_DFBBP_0,sky130_fd_sc_hd__dfbbp_1
$flatten\A.\gray_inst.$auto$ff.cc:266:slice$1432,39738,517.4400024414062,252.52000427246094,T18Y22__R3_DFBBP_0,sky130_fd_sc_hd__dfbbp_1
