cell_type,cell_name
sky130_fd_sc_hd__clkinv_2,$abc$2096$auto$blifparse.cc:396:parse_blif$2097
sky130_fd_sc_hd__clkinv_2,$abc$2096$auto$blifparse.cc:396:parse_blif$2098
sky130_fd_sc_hd__clkinv_2,$abc$2096$auto$blifparse.cc:396:parse_blif$2099
sky130_fd_sc_hd__clkinv_2,$abc$2096$auto$blifparse.cc:396:parse_blif$2100
sky130_fd_sc_hd__clkinv_2,$abc$2096$auto$blifparse.cc:396:parse_blif$2101
sky130_fd_sc_hd__clkinv_2,$abc$2096$auto$blifparse.cc:396:parse_blif$2102
sky130_fd_sc_hd__clkinv_2,$abc$2096$auto$blifparse.cc:396:parse_blif$2103
sky130_fd_sc_hd__clkinv_2,$abc$2096$auto$blifparse.cc:396:parse_blif$2104
sky130_fd_sc_hd__clkinv_2,$abc$2096$auto$blifparse.cc:396:parse_blif$2105
sky130_fd_sc_hd__clkinv_2,$abc$2096$auto$blifparse.cc:396:parse_blif$2106
sky130_fd_sc_hd__clkinv_2,$abc$2096$auto$blifparse.cc:396:parse_blif$2107
sky130_fd_sc_hd__clkinv_2,$abc$2096$auto$blifparse.cc:396:parse_blif$2108
sky130_fd_sc_hd__nand2_2,$abc$2096$auto$blifparse.cc:396:parse_blif$2109
sky130_fd_sc_hd__nand2_2,$abc$2096$auto$blifparse.cc:396:parse_blif$2110
sky130_fd_sc_hd__nand2_2,$abc$2096$auto$blifparse.cc:396:parse_blif$2111
sky130_fd_sc_hd__nand2_2,$abc$2096$auto$blifparse.cc:396:parse_blif$2112
sky130_fd_sc_hd__clkinv_2,$abc$2096$auto$blifparse.cc:396:parse_blif$2113
sky130_fd_sc_hd__nand2_2,$abc$2096$auto$blifparse.cc:396:parse_blif$2114
sky130_fd_sc_hd__clkinv_2,$abc$2096$auto$blifparse.cc:396:parse_blif$2115
sky130_fd_sc_hd__or2_2,$abc$2096$auto$blifparse.cc:396:parse_blif$2116
sky130_fd_sc_hd__nand2_2,$abc$2096$auto$blifparse.cc:396:parse_blif$2117
sky130_fd_sc_hd__clkinv_2,$abc$2096$auto$blifparse.cc:396:parse_blif$2118
sky130_fd_sc_hd__nand2_2,$abc$2096$auto$blifparse.cc:396:parse_blif$2119
sky130_fd_sc_hd__or2_2,$abc$2096$auto$blifparse.cc:396:parse_blif$2120
sky130_fd_sc_hd__nand2_2,$abc$2096$auto$blifparse.cc:396:parse_blif$2121
sky130_fd_sc_hd__clkinv_2,$abc$2096$auto$blifparse.cc:396:parse_blif$2122
sky130_fd_sc_hd__nand2_2,$abc$2096$auto$blifparse.cc:396:parse_blif$2123
sky130_fd_sc_hd__or2_2,$abc$2096$auto$blifparse.cc:396:parse_blif$2124
sky130_fd_sc_hd__nand2_2,$abc$2096$auto$blifparse.cc:396:parse_blif$2125
sky130_fd_sc_hd__nand2_2,$abc$2096$auto$blifparse.cc:396:parse_blif$2126
sky130_fd_sc_hd__nand2_2,$abc$2096$auto$blifparse.cc:396:parse_blif$2127
sky130_fd_sc_hd__nand2_2,$abc$2096$auto$blifparse.cc:396:parse_blif$2128
sky130_fd_sc_hd__nand2_2,$abc$2096$auto$blifparse.cc:396:parse_blif$2129
sky130_fd_sc_hd__clkinv_2,$abc$2096$auto$blifparse.cc:396:parse_blif$2130
sky130_fd_sc_hd__nand2_2,$abc$2096$auto$blifparse.cc:396:parse_blif$2131
sky130_fd_sc_hd__nand2_2,$abc$2096$auto$blifparse.cc:396:parse_blif$2132
sky130_fd_sc_hd__nand2_2,$abc$2096$auto$blifparse.cc:396:parse_blif$2133
sky130_fd_sc_hd__or2_2,$abc$2096$auto$blifparse.cc:396:parse_blif$2134
sky130_fd_sc_hd__nand2_2,$abc$2096$auto$blifparse.cc:396:parse_blif$2135
sky130_fd_sc_hd__clkinv_2,$abc$2096$auto$blifparse.cc:396:parse_blif$2136
sky130_fd_sc_hd__nand2_2,$abc$2096$auto$blifparse.cc:396:parse_blif$2137
sky130_fd_sc_hd__or2_2,$abc$2096$auto$blifparse.cc:396:parse_blif$2138
sky130_fd_sc_hd__nand2_2,$abc$2096$auto$blifparse.cc:396:parse_blif$2139
sky130_fd_sc_hd__or2_2,$abc$2096$auto$blifparse.cc:396:parse_blif$2140
sky130_fd_sc_hd__nand2_2,$abc$2096$auto$blifparse.cc:396:parse_blif$2141
sky130_fd_sc_hd__clkinv_2,$abc$2096$auto$blifparse.cc:396:parse_blif$2142
sky130_fd_sc_hd__or2_2,$abc$2096$auto$blifparse.cc:396:parse_blif$2143
sky130_fd_sc_hd__nand2_2,$abc$2096$auto$blifparse.cc:396:parse_blif$2144
sky130_fd_sc_hd__or2_2,$abc$2096$auto$blifparse.cc:396:parse_blif$2145
sky130_fd_sc_hd__nand2_2,$abc$2096$auto$blifparse.cc:396:parse_blif$2146
sky130_fd_sc_hd__nand2_2,$abc$2096$auto$blifparse.cc:396:parse_blif$2147
sky130_fd_sc_hd__clkinv_2,$abc$2096$auto$blifparse.cc:396:parse_blif$2148
sky130_fd_sc_hd__nand2_2,$abc$2096$auto$blifparse.cc:396:parse_blif$2149
sky130_fd_sc_hd__or2_2,$abc$2096$auto$blifparse.cc:396:parse_blif$2150
sky130_fd_sc_hd__nand2_2,$abc$2096$auto$blifparse.cc:396:parse_blif$2151
sky130_fd_sc_hd__or2_2,$abc$2096$auto$blifparse.cc:396:parse_blif$2152
sky130_fd_sc_hd__nand2_2,$abc$2096$auto$blifparse.cc:396:parse_blif$2153
sky130_fd_sc_hd__nand2_2,$abc$2096$auto$blifparse.cc:396:parse_blif$2154
sky130_fd_sc_hd__clkinv_2,$abc$2096$auto$blifparse.cc:396:parse_blif$2155
sky130_fd_sc_hd__nand2_2,$abc$2096$auto$blifparse.cc:396:parse_blif$2156
sky130_fd_sc_hd__nand2_2,$abc$2096$auto$blifparse.cc:396:parse_blif$2157
sky130_fd_sc_hd__nand2_2,$abc$2096$auto$blifparse.cc:396:parse_blif$2158
sky130_fd_sc_hd__or2_2,$abc$2096$auto$blifparse.cc:396:parse_blif$2159
sky130_fd_sc_hd__or2_2,$abc$2096$auto$blifparse.cc:396:parse_blif$2160
sky130_fd_sc_hd__clkinv_2,$abc$2096$auto$blifparse.cc:396:parse_blif$2161
sky130_fd_sc_hd__or2_2,$abc$2096$auto$blifparse.cc:396:parse_blif$2162
sky130_fd_sc_hd__clkinv_2,$abc$2096$auto$blifparse.cc:396:parse_blif$2163
sky130_fd_sc_hd__nand2_2,$abc$2096$auto$blifparse.cc:396:parse_blif$2164
sky130_fd_sc_hd__nand2_2,$abc$2096$auto$blifparse.cc:396:parse_blif$2165
sky130_fd_sc_hd__clkinv_2,$abc$2096$auto$blifparse.cc:396:parse_blif$2166
sky130_fd_sc_hd__nand2_2,$abc$2096$auto$blifparse.cc:396:parse_blif$2167
sky130_fd_sc_hd__or2_2,$abc$2096$auto$blifparse.cc:396:parse_blif$2168
sky130_fd_sc_hd__nand2_2,$abc$2096$auto$blifparse.cc:396:parse_blif$2169
sky130_fd_sc_hd__nand2_2,$abc$2096$auto$blifparse.cc:396:parse_blif$2170
sky130_fd_sc_hd__nand2_2,$abc$2096$auto$blifparse.cc:396:parse_blif$2171
sky130_fd_sc_hd__or2_2,$abc$2096$auto$blifparse.cc:396:parse_blif$2172
sky130_fd_sc_hd__or2_2,$abc$2096$auto$blifparse.cc:396:parse_blif$2173
sky130_fd_sc_hd__or2_2,$abc$2096$auto$blifparse.cc:396:parse_blif$2174
sky130_fd_sc_hd__nand2_2,$abc$2096$auto$blifparse.cc:396:parse_blif$2175
sky130_fd_sc_hd__clkinv_2,$abc$2096$auto$blifparse.cc:396:parse_blif$2176
sky130_fd_sc_hd__nand2_2,$abc$2096$auto$blifparse.cc:396:parse_blif$2177
sky130_fd_sc_hd__or2_2,$abc$2096$auto$blifparse.cc:396:parse_blif$2178
sky130_fd_sc_hd__clkinv_2,$abc$2096$auto$blifparse.cc:396:parse_blif$2179
sky130_fd_sc_hd__or2_2,$abc$2096$auto$blifparse.cc:396:parse_blif$2180
sky130_fd_sc_hd__nand2_2,$abc$2096$auto$blifparse.cc:396:parse_blif$2181
sky130_fd_sc_hd__or2_2,$abc$2096$auto$blifparse.cc:396:parse_blif$2182
sky130_fd_sc_hd__nand2_2,$abc$2096$auto$blifparse.cc:396:parse_blif$2183
sky130_fd_sc_hd__nand2_2,$abc$2096$auto$blifparse.cc:396:parse_blif$2184
sky130_fd_sc_hd__or2_2,$abc$2096$auto$blifparse.cc:396:parse_blif$2185
sky130_fd_sc_hd__nand2_2,$abc$2096$auto$blifparse.cc:396:parse_blif$2186
sky130_fd_sc_hd__nand2_2,$abc$2096$auto$blifparse.cc:396:parse_blif$2187
sky130_fd_sc_hd__or2_2,$abc$2096$auto$blifparse.cc:396:parse_blif$2188
sky130_fd_sc_hd__clkinv_2,$abc$2096$auto$blifparse.cc:396:parse_blif$2189
sky130_fd_sc_hd__nand2_2,$abc$2096$auto$blifparse.cc:396:parse_blif$2190
sky130_fd_sc_hd__nand2_2,$abc$2096$auto$blifparse.cc:396:parse_blif$2191
sky130_fd_sc_hd__or2_2,$abc$2096$auto$blifparse.cc:396:parse_blif$2192
sky130_fd_sc_hd__nand2_2,$abc$2096$auto$blifparse.cc:396:parse_blif$2193
sky130_fd_sc_hd__or2_2,$abc$2096$auto$blifparse.cc:396:parse_blif$2194
sky130_fd_sc_hd__clkinv_2,$abc$2096$auto$blifparse.cc:396:parse_blif$2195
sky130_fd_sc_hd__nand2_2,$abc$2096$auto$blifparse.cc:396:parse_blif$2196
sky130_fd_sc_hd__nand2_2,$abc$2096$auto$blifparse.cc:396:parse_blif$2197
sky130_fd_sc_hd__or2_2,$abc$2096$auto$blifparse.cc:396:parse_blif$2198
sky130_fd_sc_hd__or2_2,$abc$2096$auto$blifparse.cc:396:parse_blif$2199
sky130_fd_sc_hd__clkinv_2,$abc$2096$auto$blifparse.cc:396:parse_blif$2200
sky130_fd_sc_hd__or2_2,$abc$2096$auto$blifparse.cc:396:parse_blif$2201
sky130_fd_sc_hd__or2_2,$abc$2096$auto$blifparse.cc:396:parse_blif$2202
sky130_fd_sc_hd__nand2_2,$abc$2096$auto$blifparse.cc:396:parse_blif$2203
sky130_fd_sc_hd__nand2_2,$abc$2096$auto$blifparse.cc:396:parse_blif$2204
sky130_fd_sc_hd__or2_2,$abc$2096$auto$blifparse.cc:396:parse_blif$2205
sky130_fd_sc_hd__or2_2,$abc$2096$auto$blifparse.cc:396:parse_blif$2206
sky130_fd_sc_hd__nand2_2,$abc$2096$auto$blifparse.cc:396:parse_blif$2207
sky130_fd_sc_hd__clkinv_2,$abc$2096$auto$blifparse.cc:396:parse_blif$2208
sky130_fd_sc_hd__nand2_2,$abc$2096$auto$blifparse.cc:396:parse_blif$2209
sky130_fd_sc_hd__or2_2,$abc$2096$auto$blifparse.cc:396:parse_blif$2210
sky130_fd_sc_hd__clkinv_2,$abc$2096$auto$blifparse.cc:396:parse_blif$2211
sky130_fd_sc_hd__or2_2,$abc$2096$auto$blifparse.cc:396:parse_blif$2212
sky130_fd_sc_hd__nand2_2,$abc$2096$auto$blifparse.cc:396:parse_blif$2213
sky130_fd_sc_hd__or2_2,$abc$2096$auto$blifparse.cc:396:parse_blif$2214
sky130_fd_sc_hd__or2_2,$abc$2096$auto$blifparse.cc:396:parse_blif$2215
sky130_fd_sc_hd__nand2_2,$abc$2096$auto$blifparse.cc:396:parse_blif$2216
sky130_fd_sc_hd__clkinv_2,$abc$2096$auto$blifparse.cc:396:parse_blif$2217
sky130_fd_sc_hd__or2_2,$abc$2096$auto$blifparse.cc:396:parse_blif$2218
sky130_fd_sc_hd__clkinv_2,$abc$2096$auto$blifparse.cc:396:parse_blif$2219
sky130_fd_sc_hd__nand2_2,$abc$2096$auto$blifparse.cc:396:parse_blif$2220
sky130_fd_sc_hd__or2_2,$abc$2096$auto$blifparse.cc:396:parse_blif$2221
sky130_fd_sc_hd__nand2_2,$abc$2096$auto$blifparse.cc:396:parse_blif$2222
sky130_fd_sc_hd__or2_2,$abc$2096$auto$blifparse.cc:396:parse_blif$2223
sky130_fd_sc_hd__or2_2,$abc$2096$auto$blifparse.cc:396:parse_blif$2224
sky130_fd_sc_hd__nand2_2,$abc$2096$auto$blifparse.cc:396:parse_blif$2225
sky130_fd_sc_hd__nand2_2,$abc$2096$auto$blifparse.cc:396:parse_blif$2226
sky130_fd_sc_hd__clkinv_2,$abc$2096$auto$blifparse.cc:396:parse_blif$2227
sky130_fd_sc_hd__nand2_2,$abc$2096$auto$blifparse.cc:396:parse_blif$2228
sky130_fd_sc_hd__nand2_2,$abc$2096$auto$blifparse.cc:396:parse_blif$2229
sky130_fd_sc_hd__clkinv_2,$abc$2096$auto$blifparse.cc:396:parse_blif$2230
sky130_fd_sc_hd__or2_2,$abc$2096$auto$blifparse.cc:396:parse_blif$2231
sky130_fd_sc_hd__nand2_2,$abc$2096$auto$blifparse.cc:396:parse_blif$2232
sky130_fd_sc_hd__or2_2,$abc$2096$auto$blifparse.cc:396:parse_blif$2233
sky130_fd_sc_hd__clkinv_2,$abc$2096$auto$blifparse.cc:396:parse_blif$2234
sky130_fd_sc_hd__nand2_2,$abc$2096$auto$blifparse.cc:396:parse_blif$2235
sky130_fd_sc_hd__nand2_2,$abc$2096$auto$blifparse.cc:396:parse_blif$2236
sky130_fd_sc_hd__or2_2,$abc$2096$auto$blifparse.cc:396:parse_blif$2237
sky130_fd_sc_hd__nand2_2,$abc$2096$auto$blifparse.cc:396:parse_blif$2238
sky130_fd_sc_hd__or2_2,$abc$2096$auto$blifparse.cc:396:parse_blif$2239
sky130_fd_sc_hd__clkinv_2,$abc$2096$auto$blifparse.cc:396:parse_blif$2240
sky130_fd_sc_hd__or2_2,$abc$2096$auto$blifparse.cc:396:parse_blif$2241
sky130_fd_sc_hd__nand2_2,$abc$2096$auto$blifparse.cc:396:parse_blif$2242
sky130_fd_sc_hd__nand2_2,$abc$2096$auto$blifparse.cc:396:parse_blif$2243
sky130_fd_sc_hd__nand2_2,$abc$2096$auto$blifparse.cc:396:parse_blif$2244
sky130_fd_sc_hd__nand2_2,$abc$2096$auto$blifparse.cc:396:parse_blif$2245
sky130_fd_sc_hd__nand2_2,$abc$2096$auto$blifparse.cc:396:parse_blif$2246
sky130_fd_sc_hd__or2_2,$abc$2096$auto$blifparse.cc:396:parse_blif$2247
sky130_fd_sc_hd__nand2_2,$abc$2096$auto$blifparse.cc:396:parse_blif$2248
sky130_fd_sc_hd__or2_2,$abc$2096$auto$blifparse.cc:396:parse_blif$2249
sky130_fd_sc_hd__nand2_2,$abc$2096$auto$blifparse.cc:396:parse_blif$2250
sky130_fd_sc_hd__or2_2,$abc$2096$auto$blifparse.cc:396:parse_blif$2251
sky130_fd_sc_hd__nand2_2,$abc$2096$auto$blifparse.cc:396:parse_blif$2252
sky130_fd_sc_hd__nand2_2,$abc$2096$auto$blifparse.cc:396:parse_blif$2253
sky130_fd_sc_hd__or2_2,$abc$2096$auto$blifparse.cc:396:parse_blif$2254
sky130_fd_sc_hd__or2_2,$abc$2096$auto$blifparse.cc:396:parse_blif$2255
sky130_fd_sc_hd__nand2_2,$abc$2096$auto$blifparse.cc:396:parse_blif$2256
sky130_fd_sc_hd__clkinv_2,$abc$2096$auto$blifparse.cc:396:parse_blif$2257
sky130_fd_sc_hd__nand2_2,$abc$2096$auto$blifparse.cc:396:parse_blif$2258
sky130_fd_sc_hd__nand2_2,$abc$2096$auto$blifparse.cc:396:parse_blif$2259
sky130_fd_sc_hd__or2_2,$abc$2096$auto$blifparse.cc:396:parse_blif$2260
sky130_fd_sc_hd__or2_2,$abc$2096$auto$blifparse.cc:396:parse_blif$2261
sky130_fd_sc_hd__or2_2,$abc$2096$auto$blifparse.cc:396:parse_blif$2262
sky130_fd_sc_hd__or2_2,$abc$2096$auto$blifparse.cc:396:parse_blif$2263
sky130_fd_sc_hd__nand2_2,$abc$2096$auto$blifparse.cc:396:parse_blif$2264
sky130_fd_sc_hd__nand2_2,$abc$2096$auto$blifparse.cc:396:parse_blif$2265
sky130_fd_sc_hd__nand2_2,$abc$2096$auto$blifparse.cc:396:parse_blif$2266
sky130_fd_sc_hd__clkinv_2,$abc$2096$auto$blifparse.cc:396:parse_blif$2267
sky130_fd_sc_hd__nand2_2,$abc$2096$auto$blifparse.cc:396:parse_blif$2268
sky130_fd_sc_hd__or2_2,$abc$2096$auto$blifparse.cc:396:parse_blif$2269
sky130_fd_sc_hd__nand2_2,$abc$2096$auto$blifparse.cc:396:parse_blif$2270
sky130_fd_sc_hd__or2_2,$abc$2096$auto$blifparse.cc:396:parse_blif$2271
sky130_fd_sc_hd__nand2_2,$abc$2096$auto$blifparse.cc:396:parse_blif$2272
sky130_fd_sc_hd__nand2_2,$abc$2096$auto$blifparse.cc:396:parse_blif$2273
sky130_fd_sc_hd__or2_2,$abc$2096$auto$blifparse.cc:396:parse_blif$2274
sky130_fd_sc_hd__nand2_2,$abc$2096$auto$blifparse.cc:396:parse_blif$2275
sky130_fd_sc_hd__or2_2,$abc$2096$auto$blifparse.cc:396:parse_blif$2276
sky130_fd_sc_hd__nand2_2,$abc$2096$auto$blifparse.cc:396:parse_blif$2277
sky130_fd_sc_hd__or2_2,$abc$2096$auto$blifparse.cc:396:parse_blif$2278
sky130_fd_sc_hd__nand2_2,$abc$2096$auto$blifparse.cc:396:parse_blif$2279
sky130_fd_sc_hd__nand2_2,$abc$2096$auto$blifparse.cc:396:parse_blif$2280
sky130_fd_sc_hd__or2_2,$abc$2096$auto$blifparse.cc:396:parse_blif$2281
sky130_fd_sc_hd__nand2_2,$abc$2096$auto$blifparse.cc:396:parse_blif$2282
sky130_fd_sc_hd__or2_2,$abc$2096$auto$blifparse.cc:396:parse_blif$2283
sky130_fd_sc_hd__nand2_2,$abc$2096$auto$blifparse.cc:396:parse_blif$2284
sky130_fd_sc_hd__clkinv_2,$abc$2096$auto$blifparse.cc:396:parse_blif$2285
sky130_fd_sc_hd__nand2_2,$abc$2096$auto$blifparse.cc:396:parse_blif$2286
sky130_fd_sc_hd__nand2_2,$abc$2096$auto$blifparse.cc:396:parse_blif$2287
sky130_fd_sc_hd__or2_2,$abc$2096$auto$blifparse.cc:396:parse_blif$2288
sky130_fd_sc_hd__nand2_2,$abc$2096$auto$blifparse.cc:396:parse_blif$2289
sky130_fd_sc_hd__or2_2,$abc$2096$auto$blifparse.cc:396:parse_blif$2290
sky130_fd_sc_hd__or2_2,$abc$2096$auto$blifparse.cc:396:parse_blif$2291
sky130_fd_sc_hd__nand2_2,$abc$2096$auto$blifparse.cc:396:parse_blif$2292
sky130_fd_sc_hd__nand2_2,$abc$2096$auto$blifparse.cc:396:parse_blif$2293
sky130_fd_sc_hd__nand2_2,$abc$2096$auto$blifparse.cc:396:parse_blif$2294
sky130_fd_sc_hd__nand2_2,$abc$2096$auto$blifparse.cc:396:parse_blif$2295
sky130_fd_sc_hd__or2_2,$abc$2096$auto$blifparse.cc:396:parse_blif$2296
sky130_fd_sc_hd__clkinv_2,$abc$2096$auto$blifparse.cc:396:parse_blif$2297
sky130_fd_sc_hd__nand2_2,$abc$2096$auto$blifparse.cc:396:parse_blif$2298
sky130_fd_sc_hd__clkinv_2,$abc$2096$auto$blifparse.cc:396:parse_blif$2299
sky130_fd_sc_hd__nand2_2,$abc$2096$auto$blifparse.cc:396:parse_blif$2300
sky130_fd_sc_hd__or2_2,$abc$2096$auto$blifparse.cc:396:parse_blif$2301
sky130_fd_sc_hd__nand2_2,$abc$2096$auto$blifparse.cc:396:parse_blif$2302
sky130_fd_sc_hd__nand2_2,$abc$2096$auto$blifparse.cc:396:parse_blif$2303
sky130_fd_sc_hd__clkinv_2,$abc$2096$auto$blifparse.cc:396:parse_blif$2304
sky130_fd_sc_hd__nand2_2,$abc$2096$auto$blifparse.cc:396:parse_blif$2305
sky130_fd_sc_hd__nand2_2,$abc$2096$auto$blifparse.cc:396:parse_blif$2306
sky130_fd_sc_hd__nand2_2,$abc$2096$auto$blifparse.cc:396:parse_blif$2307
sky130_fd_sc_hd__or2_2,$abc$2096$auto$blifparse.cc:396:parse_blif$2308
sky130_fd_sc_hd__nand2_2,$abc$2096$auto$blifparse.cc:396:parse_blif$2309
sky130_fd_sc_hd__or2_2,$abc$2096$auto$blifparse.cc:396:parse_blif$2310
sky130_fd_sc_hd__clkinv_2,$abc$2096$auto$blifparse.cc:396:parse_blif$2311
sky130_fd_sc_hd__nand2_2,$abc$2096$auto$blifparse.cc:396:parse_blif$2312
sky130_fd_sc_hd__nand2_2,$abc$2096$auto$blifparse.cc:396:parse_blif$2313
sky130_fd_sc_hd__clkinv_2,$abc$2096$auto$blifparse.cc:396:parse_blif$2314
sky130_fd_sc_hd__or2_2,$abc$2096$auto$blifparse.cc:396:parse_blif$2315
sky130_fd_sc_hd__nand2_2,$abc$2096$auto$blifparse.cc:396:parse_blif$2316
sky130_fd_sc_hd__or2_2,$abc$2096$auto$blifparse.cc:396:parse_blif$2317
sky130_fd_sc_hd__nand2_2,$abc$2096$auto$blifparse.cc:396:parse_blif$2318
sky130_fd_sc_hd__or2_2,$abc$2096$auto$blifparse.cc:396:parse_blif$2319
sky130_fd_sc_hd__nand2_2,$abc$2096$auto$blifparse.cc:396:parse_blif$2320
sky130_fd_sc_hd__or2_2,$abc$2096$auto$blifparse.cc:396:parse_blif$2321
sky130_fd_sc_hd__nand2_2,$abc$2096$auto$blifparse.cc:396:parse_blif$2322
sky130_fd_sc_hd__or2_2,$abc$2096$auto$blifparse.cc:396:parse_blif$2323
sky130_fd_sc_hd__nand2_2,$abc$2096$auto$blifparse.cc:396:parse_blif$2324
sky130_fd_sc_hd__nand2_2,$abc$2096$auto$blifparse.cc:396:parse_blif$2325
sky130_fd_sc_hd__or2_2,$abc$2096$auto$blifparse.cc:396:parse_blif$2326
sky130_fd_sc_hd__nand2_2,$abc$2096$auto$blifparse.cc:396:parse_blif$2327
sky130_fd_sc_hd__nand2_2,$abc$2096$auto$blifparse.cc:396:parse_blif$2328
sky130_fd_sc_hd__nand2_2,$abc$2096$auto$blifparse.cc:396:parse_blif$2329
sky130_fd_sc_hd__nand2_2,$abc$2096$auto$blifparse.cc:396:parse_blif$2330
sky130_fd_sc_hd__or2_2,$abc$2096$auto$blifparse.cc:396:parse_blif$2331
sky130_fd_sc_hd__or2_2,$abc$2096$auto$blifparse.cc:396:parse_blif$2332
sky130_fd_sc_hd__nand2_2,$abc$2096$auto$blifparse.cc:396:parse_blif$2333
sky130_fd_sc_hd__clkinv_2,$abc$2096$auto$blifparse.cc:396:parse_blif$2334
sky130_fd_sc_hd__nand2_2,$abc$2096$auto$blifparse.cc:396:parse_blif$2335
sky130_fd_sc_hd__nand2_2,$abc$2096$auto$blifparse.cc:396:parse_blif$2336
sky130_fd_sc_hd__or2_2,$abc$2096$auto$blifparse.cc:396:parse_blif$2337
sky130_fd_sc_hd__clkinv_2,$abc$2096$auto$blifparse.cc:396:parse_blif$2338
sky130_fd_sc_hd__nand2_2,$abc$2096$auto$blifparse.cc:396:parse_blif$2339
sky130_fd_sc_hd__or2_2,$abc$2096$auto$blifparse.cc:396:parse_blif$2340
sky130_fd_sc_hd__or2_2,$abc$2096$auto$blifparse.cc:396:parse_blif$2341
sky130_fd_sc_hd__nand2_2,$abc$2096$auto$blifparse.cc:396:parse_blif$2342
sky130_fd_sc_hd__nand2_2,$abc$2096$auto$blifparse.cc:396:parse_blif$2343
sky130_fd_sc_hd__clkinv_2,$abc$2096$auto$blifparse.cc:396:parse_blif$2344
sky130_fd_sc_hd__nand2_2,$abc$2096$auto$blifparse.cc:396:parse_blif$2345
sky130_fd_sc_hd__nand2_2,$abc$2096$auto$blifparse.cc:396:parse_blif$2346
sky130_fd_sc_hd__or2_2,$abc$2096$auto$blifparse.cc:396:parse_blif$2347
sky130_fd_sc_hd__nand2_2,$abc$2096$auto$blifparse.cc:396:parse_blif$2348
sky130_fd_sc_hd__or2_2,$abc$2096$auto$blifparse.cc:396:parse_blif$2349
sky130_fd_sc_hd__clkinv_2,$abc$2096$auto$blifparse.cc:396:parse_blif$2350
sky130_fd_sc_hd__nand2_2,$abc$2096$auto$blifparse.cc:396:parse_blif$2351
sky130_fd_sc_hd__or2_2,$abc$2096$auto$blifparse.cc:396:parse_blif$2352
sky130_fd_sc_hd__nand2_2,$abc$2096$auto$blifparse.cc:396:parse_blif$2353
sky130_fd_sc_hd__clkinv_2,$abc$2096$auto$blifparse.cc:396:parse_blif$2354
sky130_fd_sc_hd__nand2_2,$abc$2096$auto$blifparse.cc:396:parse_blif$2355
sky130_fd_sc_hd__or2_2,$abc$2096$auto$blifparse.cc:396:parse_blif$2356
sky130_fd_sc_hd__nand2_2,$abc$2096$auto$blifparse.cc:396:parse_blif$2357
sky130_fd_sc_hd__or2_2,$abc$2096$auto$blifparse.cc:396:parse_blif$2358
sky130_fd_sc_hd__nand2_2,$abc$2096$auto$blifparse.cc:396:parse_blif$2359
sky130_fd_sc_hd__or2_2,$abc$2096$auto$blifparse.cc:396:parse_blif$2360
sky130_fd_sc_hd__nand2_2,$abc$2096$auto$blifparse.cc:396:parse_blif$2361
sky130_fd_sc_hd__or2_2,$abc$2096$auto$blifparse.cc:396:parse_blif$2362
sky130_fd_sc_hd__nand2_2,$abc$2096$auto$blifparse.cc:396:parse_blif$2363
sky130_fd_sc_hd__nand2_2,$abc$2096$auto$blifparse.cc:396:parse_blif$2364
sky130_fd_sc_hd__or2_2,$abc$2096$auto$blifparse.cc:396:parse_blif$2365
sky130_fd_sc_hd__nand2_2,$abc$2096$auto$blifparse.cc:396:parse_blif$2366
sky130_fd_sc_hd__nand2_2,$abc$2096$auto$blifparse.cc:396:parse_blif$2367
sky130_fd_sc_hd__nand2_2,$abc$2096$auto$blifparse.cc:396:parse_blif$2368
sky130_fd_sc_hd__nand2_2,$abc$2096$auto$blifparse.cc:396:parse_blif$2369
sky130_fd_sc_hd__or2_2,$abc$2096$auto$blifparse.cc:396:parse_blif$2370
sky130_fd_sc_hd__clkinv_2,$abc$2096$auto$blifparse.cc:396:parse_blif$2371
sky130_fd_sc_hd__or2_2,$abc$2096$auto$blifparse.cc:396:parse_blif$2372
sky130_fd_sc_hd__nand2_2,$abc$2096$auto$blifparse.cc:396:parse_blif$2373
sky130_fd_sc_hd__nand2_2,$abc$2096$auto$blifparse.cc:396:parse_blif$2374
sky130_fd_sc_hd__or2_2,$abc$2096$auto$blifparse.cc:396:parse_blif$2375
sky130_fd_sc_hd__or2_2,$abc$2096$auto$blifparse.cc:396:parse_blif$2376
sky130_fd_sc_hd__clkinv_2,$abc$2096$auto$blifparse.cc:396:parse_blif$2377
sky130_fd_sc_hd__nand2_2,$abc$2096$auto$blifparse.cc:396:parse_blif$2378
sky130_fd_sc_hd__or2_2,$abc$2096$auto$blifparse.cc:396:parse_blif$2379
sky130_fd_sc_hd__or2_2,$abc$2096$auto$blifparse.cc:396:parse_blif$2380
sky130_fd_sc_hd__clkinv_2,$abc$2096$auto$blifparse.cc:396:parse_blif$2381
sky130_fd_sc_hd__nand2_2,$abc$2096$auto$blifparse.cc:396:parse_blif$2382
sky130_fd_sc_hd__nand2_2,$abc$2096$auto$blifparse.cc:396:parse_blif$2383
sky130_fd_sc_hd__clkinv_2,$abc$2096$auto$blifparse.cc:396:parse_blif$2384
sky130_fd_sc_hd__nand2_2,$abc$2096$auto$blifparse.cc:396:parse_blif$2385
sky130_fd_sc_hd__or2_2,$abc$2096$auto$blifparse.cc:396:parse_blif$2386
sky130_fd_sc_hd__nand2_2,$abc$2096$auto$blifparse.cc:396:parse_blif$2387
sky130_fd_sc_hd__nand2_2,$abc$2096$auto$blifparse.cc:396:parse_blif$2388
sky130_fd_sc_hd__or2_2,$abc$2096$auto$blifparse.cc:396:parse_blif$2389
sky130_fd_sc_hd__clkinv_2,$abc$2096$auto$blifparse.cc:396:parse_blif$2390
sky130_fd_sc_hd__nand2_2,$abc$2096$auto$blifparse.cc:396:parse_blif$2391
sky130_fd_sc_hd__nand2_2,$abc$2096$auto$blifparse.cc:396:parse_blif$2392
sky130_fd_sc_hd__clkinv_2,$abc$2096$auto$blifparse.cc:396:parse_blif$2393
sky130_fd_sc_hd__or2_2,$abc$2096$auto$blifparse.cc:396:parse_blif$2394
sky130_fd_sc_hd__nand2_2,$abc$2096$auto$blifparse.cc:396:parse_blif$2395
sky130_fd_sc_hd__or2_2,$abc$2096$auto$blifparse.cc:396:parse_blif$2396
sky130_fd_sc_hd__or2_2,$abc$2096$auto$blifparse.cc:396:parse_blif$2397
sky130_fd_sc_hd__nand2_2,$abc$2096$auto$blifparse.cc:396:parse_blif$2398
sky130_fd_sc_hd__nand2_2,$abc$2096$auto$blifparse.cc:396:parse_blif$2399
sky130_fd_sc_hd__nand2_2,$abc$2096$auto$blifparse.cc:396:parse_blif$2400
sky130_fd_sc_hd__nand2_2,$abc$2096$auto$blifparse.cc:396:parse_blif$2401
sky130_fd_sc_hd__or2_2,$abc$2096$auto$blifparse.cc:396:parse_blif$2402
sky130_fd_sc_hd__or2_2,$abc$2096$auto$blifparse.cc:396:parse_blif$2403
sky130_fd_sc_hd__or2_2,$abc$2096$auto$blifparse.cc:396:parse_blif$2404
sky130_fd_sc_hd__or2_2,$abc$2096$auto$blifparse.cc:396:parse_blif$2405
sky130_fd_sc_hd__nand2_2,$abc$2096$auto$blifparse.cc:396:parse_blif$2406
sky130_fd_sc_hd__nand2_2,$abc$2096$auto$blifparse.cc:396:parse_blif$2407
sky130_fd_sc_hd__nand2_2,$abc$2096$auto$blifparse.cc:396:parse_blif$2408
sky130_fd_sc_hd__nand2_2,$abc$2096$auto$blifparse.cc:396:parse_blif$2409
sky130_fd_sc_hd__or2_2,$abc$2096$auto$blifparse.cc:396:parse_blif$2410
sky130_fd_sc_hd__or2_2,$abc$2096$auto$blifparse.cc:396:parse_blif$2411
sky130_fd_sc_hd__nand2_2,$abc$2096$auto$blifparse.cc:396:parse_blif$2412
sky130_fd_sc_hd__or2_2,$abc$2096$auto$blifparse.cc:396:parse_blif$2413
sky130_fd_sc_hd__nand2_2,$abc$2096$auto$blifparse.cc:396:parse_blif$2414
sky130_fd_sc_hd__clkinv_2,$abc$2096$auto$blifparse.cc:396:parse_blif$2415
sky130_fd_sc_hd__nand2_2,$abc$2096$auto$blifparse.cc:396:parse_blif$2416
sky130_fd_sc_hd__or2_2,$abc$2096$auto$blifparse.cc:396:parse_blif$2417
sky130_fd_sc_hd__clkinv_2,$abc$2096$auto$blifparse.cc:396:parse_blif$2418
sky130_fd_sc_hd__nand2_2,$abc$2096$auto$blifparse.cc:396:parse_blif$2419
sky130_fd_sc_hd__or2_2,$abc$2096$auto$blifparse.cc:396:parse_blif$2420
sky130_fd_sc_hd__nand2_2,$abc$2096$auto$blifparse.cc:396:parse_blif$2421
sky130_fd_sc_hd__or2_2,$abc$2096$auto$blifparse.cc:396:parse_blif$2422
sky130_fd_sc_hd__nand2_2,$abc$2096$auto$blifparse.cc:396:parse_blif$2423
sky130_fd_sc_hd__clkinv_2,$abc$2096$auto$blifparse.cc:396:parse_blif$2424
sky130_fd_sc_hd__nand2_2,$abc$2096$auto$blifparse.cc:396:parse_blif$2425
sky130_fd_sc_hd__nand2_2,$abc$2096$auto$blifparse.cc:396:parse_blif$2426
sky130_fd_sc_hd__or2_2,$abc$2096$auto$blifparse.cc:396:parse_blif$2427
sky130_fd_sc_hd__nand2_2,$abc$2096$auto$blifparse.cc:396:parse_blif$2428
sky130_fd_sc_hd__or2_2,$abc$2096$auto$blifparse.cc:396:parse_blif$2429
sky130_fd_sc_hd__nand2_2,$abc$2096$auto$blifparse.cc:396:parse_blif$2430
sky130_fd_sc_hd__or2_2,$abc$2096$auto$blifparse.cc:396:parse_blif$2431
sky130_fd_sc_hd__clkinv_2,$abc$2096$auto$blifparse.cc:396:parse_blif$2432
sky130_fd_sc_hd__nand2_2,$abc$2096$auto$blifparse.cc:396:parse_blif$2433
sky130_fd_sc_hd__nand2_2,$abc$2096$auto$blifparse.cc:396:parse_blif$2434
sky130_fd_sc_hd__or2_2,$abc$2096$auto$blifparse.cc:396:parse_blif$2435
sky130_fd_sc_hd__clkinv_2,$abc$2096$auto$blifparse.cc:396:parse_blif$2436
sky130_fd_sc_hd__nand2_2,$abc$2096$auto$blifparse.cc:396:parse_blif$2437
sky130_fd_sc_hd__clkinv_2,$abc$2096$auto$blifparse.cc:396:parse_blif$2438
sky130_fd_sc_hd__or2_2,$abc$2096$auto$blifparse.cc:396:parse_blif$2439
sky130_fd_sc_hd__nand2_2,$abc$2096$auto$blifparse.cc:396:parse_blif$2440
sky130_fd_sc_hd__or2_2,$abc$2096$auto$blifparse.cc:396:parse_blif$2441
sky130_fd_sc_hd__nand2_2,$abc$2096$auto$blifparse.cc:396:parse_blif$2442
sky130_fd_sc_hd__nand2_2,$abc$2096$auto$blifparse.cc:396:parse_blif$2443
sky130_fd_sc_hd__clkinv_2,$abc$2096$auto$blifparse.cc:396:parse_blif$2444
sky130_fd_sc_hd__nand2_2,$abc$2096$auto$blifparse.cc:396:parse_blif$2445
sky130_fd_sc_hd__nand2_2,$abc$2096$auto$blifparse.cc:396:parse_blif$2446
sky130_fd_sc_hd__or2_2,$abc$2096$auto$blifparse.cc:396:parse_blif$2447
sky130_fd_sc_hd__nand2_2,$abc$2096$auto$blifparse.cc:396:parse_blif$2448
sky130_fd_sc_hd__nand2_2,$abc$2096$auto$blifparse.cc:396:parse_blif$2449
sky130_fd_sc_hd__nand2_2,$abc$2096$auto$blifparse.cc:396:parse_blif$2450
sky130_fd_sc_hd__or2_2,$abc$2096$auto$blifparse.cc:396:parse_blif$2451
sky130_fd_sc_hd__nand2_2,$abc$2096$auto$blifparse.cc:396:parse_blif$2452
sky130_fd_sc_hd__nand2_2,$abc$2096$auto$blifparse.cc:396:parse_blif$2453
sky130_fd_sc_hd__or2_2,$abc$2096$auto$blifparse.cc:396:parse_blif$2454
sky130_fd_sc_hd__clkinv_2,$abc$2096$auto$blifparse.cc:396:parse_blif$2455
sky130_fd_sc_hd__nand2_2,$abc$2096$auto$blifparse.cc:396:parse_blif$2456
sky130_fd_sc_hd__or2_2,$abc$2096$auto$blifparse.cc:396:parse_blif$2457
sky130_fd_sc_hd__or2_2,$abc$2096$auto$blifparse.cc:396:parse_blif$2458
sky130_fd_sc_hd__or2_2,$abc$2096$auto$blifparse.cc:396:parse_blif$2459
sky130_fd_sc_hd__or2_2,$abc$2096$auto$blifparse.cc:396:parse_blif$2460
sky130_fd_sc_hd__or2_2,$abc$2096$auto$blifparse.cc:396:parse_blif$2461
sky130_fd_sc_hd__or2_2,$abc$2096$auto$blifparse.cc:396:parse_blif$2462
sky130_fd_sc_hd__or2_2,$abc$2096$auto$blifparse.cc:396:parse_blif$2463
sky130_fd_sc_hd__or2_2,$abc$2096$auto$blifparse.cc:396:parse_blif$2464
sky130_fd_sc_hd__clkinv_2,$abc$2096$auto$blifparse.cc:396:parse_blif$2465
sky130_fd_sc_hd__or2_2,$abc$2096$auto$blifparse.cc:396:parse_blif$2466
sky130_fd_sc_hd__or2_2,$abc$2096$auto$blifparse.cc:396:parse_blif$2467
sky130_fd_sc_hd__nand2_2,$abc$2096$auto$blifparse.cc:396:parse_blif$2468
sky130_fd_sc_hd__clkinv_2,$abc$2096$auto$blifparse.cc:396:parse_blif$2469
sky130_fd_sc_hd__nand2_2,$abc$2096$auto$blifparse.cc:396:parse_blif$2470
sky130_fd_sc_hd__or2_2,$abc$2096$auto$blifparse.cc:396:parse_blif$2471
sky130_fd_sc_hd__clkinv_2,$abc$2096$auto$blifparse.cc:396:parse_blif$2472
sky130_fd_sc_hd__nand2_2,$abc$2096$auto$blifparse.cc:396:parse_blif$2473
sky130_fd_sc_hd__nand2_2,$abc$2096$auto$blifparse.cc:396:parse_blif$2474
sky130_fd_sc_hd__nand2_2,$abc$2096$auto$blifparse.cc:396:parse_blif$2475
sky130_fd_sc_hd__or2_2,$abc$2096$auto$blifparse.cc:396:parse_blif$2476
sky130_fd_sc_hd__nand2_2,$abc$2096$auto$blifparse.cc:396:parse_blif$2477
sky130_fd_sc_hd__clkinv_2,$abc$2096$auto$blifparse.cc:396:parse_blif$2478
sky130_fd_sc_hd__conb_1,$auto$hilomap.cc:40:hilomap_worker$2060
sky130_fd_sc_hd__conb_1,$auto$hilomap.cc:40:hilomap_worker$2547
sky130_fd_sc_hd__conb_1,$auto$hilomap.cc:48:hilomap_worker$2058
sky130_fd_sc_hd__clkbuf_4,$auto$insbuf.cc:97:execute$2479
sky130_fd_sc_hd__clkbuf_4,$auto$insbuf.cc:97:execute$2480
sky130_fd_sc_hd__clkbuf_4,$auto$insbuf.cc:97:execute$2481
sky130_fd_sc_hd__clkbuf_4,$auto$insbuf.cc:97:execute$2482
sky130_fd_sc_hd__clkbuf_4,$auto$insbuf.cc:97:execute$2483
sky130_fd_sc_hd__clkbuf_4,$auto$insbuf.cc:97:execute$2484
sky130_fd_sc_hd__clkbuf_4,$auto$insbuf.cc:97:execute$2485
sky130_fd_sc_hd__clkbuf_4,$auto$insbuf.cc:97:execute$2486
sky130_fd_sc_hd__clkbuf_4,$auto$insbuf.cc:97:execute$2487
sky130_fd_sc_hd__clkbuf_4,$auto$insbuf.cc:97:execute$2488
sky130_fd_sc_hd__clkbuf_4,$auto$insbuf.cc:97:execute$2489
sky130_fd_sc_hd__clkbuf_4,$auto$insbuf.cc:97:execute$2490
sky130_fd_sc_hd__clkbuf_4,$auto$insbuf.cc:97:execute$2491
sky130_fd_sc_hd__clkbuf_4,$auto$insbuf.cc:97:execute$2492
sky130_fd_sc_hd__clkbuf_4,$auto$insbuf.cc:97:execute$2493
sky130_fd_sc_hd__clkbuf_4,$auto$insbuf.cc:97:execute$2494
sky130_fd_sc_hd__clkbuf_4,$auto$insbuf.cc:97:execute$2495
sky130_fd_sc_hd__clkbuf_4,$auto$insbuf.cc:97:execute$2496
sky130_fd_sc_hd__clkbuf_4,$auto$insbuf.cc:97:execute$2497
sky130_fd_sc_hd__clkbuf_4,$auto$insbuf.cc:97:execute$2498
sky130_fd_sc_hd__clkbuf_4,$auto$insbuf.cc:97:execute$2499
sky130_fd_sc_hd__clkbuf_4,$auto$insbuf.cc:97:execute$2500
sky130_fd_sc_hd__clkbuf_4,$auto$insbuf.cc:97:execute$2501
sky130_fd_sc_hd__clkbuf_4,$auto$insbuf.cc:97:execute$2502
sky130_fd_sc_hd__clkbuf_4,$auto$insbuf.cc:97:execute$2503
sky130_fd_sc_hd__clkbuf_4,$auto$insbuf.cc:97:execute$2504
sky130_fd_sc_hd__clkbuf_4,$auto$insbuf.cc:97:execute$2505
sky130_fd_sc_hd__clkbuf_4,$auto$insbuf.cc:97:execute$2506
sky130_fd_sc_hd__clkbuf_4,$auto$insbuf.cc:97:execute$2507
sky130_fd_sc_hd__clkbuf_4,$auto$insbuf.cc:97:execute$2508
sky130_fd_sc_hd__clkbuf_4,$auto$insbuf.cc:97:execute$2509
sky130_fd_sc_hd__clkbuf_4,$auto$insbuf.cc:97:execute$2510
sky130_fd_sc_hd__clkbuf_4,$auto$insbuf.cc:97:execute$2511
sky130_fd_sc_hd__clkbuf_4,$auto$insbuf.cc:97:execute$2512
sky130_fd_sc_hd__clkbuf_4,$auto$insbuf.cc:97:execute$2513
sky130_fd_sc_hd__clkbuf_4,$auto$insbuf.cc:97:execute$2514
sky130_fd_sc_hd__clkbuf_4,$auto$insbuf.cc:97:execute$2515
sky130_fd_sc_hd__clkbuf_4,$auto$insbuf.cc:97:execute$2516
sky130_fd_sc_hd__clkbuf_4,$auto$insbuf.cc:97:execute$2517
sky130_fd_sc_hd__clkbuf_4,$auto$insbuf.cc:97:execute$2518
sky130_fd_sc_hd__clkbuf_4,$auto$insbuf.cc:97:execute$2519
sky130_fd_sc_hd__clkbuf_4,$auto$insbuf.cc:97:execute$2520
sky130_fd_sc_hd__clkbuf_4,$auto$insbuf.cc:97:execute$2521
sky130_fd_sc_hd__clkbuf_4,$auto$insbuf.cc:97:execute$2522
sky130_fd_sc_hd__clkbuf_4,$auto$insbuf.cc:97:execute$2523
sky130_fd_sc_hd__clkbuf_4,$auto$insbuf.cc:97:execute$2524
sky130_fd_sc_hd__clkbuf_4,$auto$insbuf.cc:97:execute$2525
sky130_fd_sc_hd__clkbuf_4,$auto$insbuf.cc:97:execute$2526
sky130_fd_sc_hd__clkbuf_4,$auto$insbuf.cc:97:execute$2527
sky130_fd_sc_hd__clkbuf_4,$auto$insbuf.cc:97:execute$2528
sky130_fd_sc_hd__clkbuf_4,$auto$insbuf.cc:97:execute$2529
sky130_fd_sc_hd__clkbuf_4,$auto$insbuf.cc:97:execute$2530
sky130_fd_sc_hd__clkbuf_4,$auto$insbuf.cc:97:execute$2531
sky130_fd_sc_hd__clkbuf_4,$auto$insbuf.cc:97:execute$2532
sky130_fd_sc_hd__clkbuf_4,$auto$insbuf.cc:97:execute$2533
sky130_fd_sc_hd__clkbuf_4,$auto$insbuf.cc:97:execute$2534
sky130_fd_sc_hd__clkbuf_4,$auto$insbuf.cc:97:execute$2535
sky130_fd_sc_hd__clkbuf_4,$auto$insbuf.cc:97:execute$2536
sky130_fd_sc_hd__clkbuf_4,$auto$insbuf.cc:97:execute$2537
sky130_fd_sc_hd__clkbuf_4,$auto$insbuf.cc:97:execute$2538
sky130_fd_sc_hd__clkbuf_4,$auto$insbuf.cc:97:execute$2539
sky130_fd_sc_hd__clkbuf_4,$auto$insbuf.cc:97:execute$2540
sky130_fd_sc_hd__clkbuf_4,$auto$insbuf.cc:97:execute$2541
sky130_fd_sc_hd__clkbuf_4,$auto$insbuf.cc:97:execute$2542
sky130_fd_sc_hd__clkbuf_4,$auto$insbuf.cc:97:execute$2543
sky130_fd_sc_hd__clkbuf_4,$auto$insbuf.cc:97:execute$2544
sky130_fd_sc_hd__clkbuf_4,$auto$insbuf.cc:97:execute$2545
sky130_fd_sc_hd__dfbbp_1,$flatten\A.\counter_inst.$auto$ff.cc:266:slice$1480
sky130_fd_sc_hd__dfbbp_1,$flatten\A.\counter_inst.$auto$ff.cc:266:slice$1481
sky130_fd_sc_hd__dfbbp_1,$flatten\A.\counter_inst.$auto$ff.cc:266:slice$1482
sky130_fd_sc_hd__dfbbp_1,$flatten\A.\counter_inst.$auto$ff.cc:266:slice$1483
sky130_fd_sc_hd__dfbbp_1,$flatten\A.\gray_inst.$auto$ff.cc:266:slice$1422
sky130_fd_sc_hd__dfbbp_1,$flatten\A.\gray_inst.$auto$ff.cc:266:slice$1424
sky130_fd_sc_hd__dfbbp_1,$flatten\A.\gray_inst.$auto$ff.cc:266:slice$1425
sky130_fd_sc_hd__dfbbp_1,$flatten\A.\gray_inst.$auto$ff.cc:266:slice$1429
sky130_fd_sc_hd__dfbbp_1,$flatten\A.\gray_inst.$auto$ff.cc:266:slice$1430
sky130_fd_sc_hd__dfbbp_1,$flatten\A.\gray_inst.$auto$ff.cc:266:slice$1431
sky130_fd_sc_hd__dfbbp_1,$flatten\A.\gray_inst.$auto$ff.cc:266:slice$1432
